/wiki/Kirk_Hammett	Kirk Hammett
/wiki/Reload_(Metallica_album)	Reload
/wiki/Breadfan	Breadfan
/wiki/Space_Ghost_Coast_to_Coast	Space Ghost Coast to Coast
/wiki/Heavy_metal_music	heavy metal
/wiki/Gary_Moore	Gary Moore
/wiki/El_Sobrante	El Sobrante
/wiki/The_Black_Cat_(1934_film)	The Black Cat
/wiki/Limited-Edition_Vinyl_Box_Set	Limited-Edition Vinyl Box Set
/wiki/Shovel_Headed_Kill_Machine	Shovel Headed Kill Machine
/wiki/Horror_convention	horror convention
/wiki/From_Dusk_Till_Dawn	From Dusk Till Dawn
/wiki/Speed_metal	speed metal
/wiki/Exhibit_B:_The_Human_Condition	Exhibit B: The Human Condition
/wiki/Scott_Ian	Scott Ian
/wiki/Force_of_Habit	Force of Habit
/wiki/Fran%C3%A7ais_Pour_une_Nuit	Français Pour une Nuit
/wiki/Death_Magnetic	Death Magnetic
/wiki/Gogol_Bordello	Gogol Bordello
/wiki/Frantic_(song)	Frantic
/wiki/The_Simpsons	The Simpsons
/wiki/Wes_Craven	Wes Craven
/wiki/Robert_Randolph_(guitarist)	Robert Randolph
/wiki/Lars_Ulrich	Lars Ulrich
/wiki/For_Those_About_to_Rock_(film)	For Those About to Rock
/wiki/Orion_Music_%2B_More	Orion Music + More
/wiki/Peter_Green_(musician)	Peter Green
/wiki/Bela_G._Lugosi	Bela G. Lugosi
/wiki/Leon_Uris	Leon Uris
/wiki/Gibson_Les_Paul_Custom	Gibson Les Paul Custom
/wiki/Rob_McKillop	Rob McKillop
/wiki/The_Unnamed_Feeling	The Unnamed Feeling
/wiki/Bleeding_Me	Bleeding Me
/wiki/Dane_DeHaan	Dane DeHaan
/wiki/Randall_Amplifiers	Randall
/wiki/Metallica	Metallica
/wiki/Jason_Voorhees	Jason Voorhees
/wiki/Six_Feet_Down_Under	Six Feet Down Under
/wiki/Flotsam_and_Jetsam_(band)	Flotsam and Jetsam
/wiki/Lee_Altus	Lee Altus
/wiki/Am_I_Evil%3F	Am I Evil?
/wiki/EMG_60	EMG 60
/wiki/MXR	MXR
/wiki/Hellraiser	Hellraiser
/wiki/The_Memory_Remains	The Memory Remains
/wiki/EMG_81	EMG 81
/wiki/Troubadour_(K%27naan_album)	Troubadour
/wiki/Metalocalypse	Metalocalypse
/wiki/My_Morning_Jacket	My Morning Jacket
/wiki/Whiskey_in_the_Jar	Whiskey in the Jar
/wiki/Rolling_Stone	Rolling Stone
/wiki/Shit_Hits_the_Sheds_Tour	Shit Hits the Sheds Tour
/wiki/Thin_Lizzy	Thin Lizzy
/wiki/Rick_Hunolt	Rick Hunolt
/wiki/Tom_Hunting	Tom Hunting
/wiki/Asian_art	Asian arts
/wiki/Frank_Frazetta	Frank Frazetta
/wiki/Broken,_Beat_%26_Scarred	Broken, Beat & Scarred
/wiki/For_Whom_the_Bell_Tolls_(Metallica_song)	For Whom the Bell Tolls
/wiki/...And_Justice_for_All_(album)	...And Justice for All
/wiki/Sick_of_the_Studio_%2707	Sick of the Studio '07
/wiki/Joel_McIver	Mciver, Joel
/wiki/Ouija	ouija
/wiki/Shovel_Headed_Tour_Machine:_Live_At_Wacken_%26_Other_Assorted_Atrocities	Shovel Headed Tour Machine: Live At Wacken & Other Assorted Atrocities
/wiki/Yankee_Stadium	Yankee Stadium
/wiki/Escape_from_the_Studio_%2706	Escape from the Studio '06
/wiki/Steve_Souza	Steve Souza
/wiki/DigiTech	DigiTech
/wiki/Fuel_(song)	Fuel
/wiki/Fender_Stratocaster	Fender Stratocaster (White)
/wiki/Metallic_Attack:_The_Ultimate_Tribute	Metallic Attack: The Ultimate Tribute
/wiki/Live_Shit:_Binge_%26_Purge	Live Shit: Binge & Purge
/wiki/2008_European_Vacation_Tour	2008 European Vacation Tour
/wiki/Fabulous_Disaster	Fabulous Disaster
/wiki/Kill_%27Em_All_for_One	Kill 'Em All for One Tour
/wiki/San_Francisco_State_University	San Francisco State University
/wiki/The_30th_Anniversary_Celebration	The 30th Anniversary Celebration
/wiki/The_Unforgiven_(song)	The Unforgiven
/wiki/Montgomery_Ward	Montgomery Ward
/wiki/Impact_Is_Imminent	Impact Is Imminent
/wiki/Mexico	Mexico
/wiki/One_(Metallica_song)	One
/wiki/Live_at_Grimey%27s	Live at Grimey's
/wiki/2_of_One	2 of One
/wiki/Nothing_Else_Matters	Nothing Else Matters
/wiki/Film_theory	Film
/wiki/Jim_Dunlop	Jim Dunlop
/wiki/Metallica_Through_the_Never_(album)	Through the Never
/wiki/Monster_movies	monster movies
/wiki/Elektra_Records	Elektra
/wiki/Haruo_Nakajima	Haruo Nakajima
/wiki/The_Judas_Kiss_(song)	The Judas Kiss
/wiki/A_Nightmare_on_Elm_Street	A Nightmare on Elm Street
/wiki/Lou_Reed	Lou Reed
/wiki/Tom_Waits	Tom Waits
/wiki/Rochester,_New_York	Rochester, New York
/wiki/Artistdirect	Artistdirect
/wiki/Summer_Sanitarium_Tour	Summer Sanitarium Tour
/wiki/Gibson_Flying_V	Gibson Flying V
/wiki/San_Jose,_California	San Jose, California
/wiki/Les_Claypool	Les Claypool
/wiki/Deep_Purple	Deep Purple
/wiki/Jason_Newsted	Jason Newsted
/wiki/Anthrax_(American_band)	Anthrax
/wiki/Gibson_Les_Paul_Jr.	Gibson Les Paul Jr.
/wiki/Better_than_You_(Metallica_song)	Better than You
/wiki/Megadeth	Megadeth
/wiki/ESP_Kirk_Hammett	ESP Mummy Guitar
/wiki/Fender_Stratocaster	Fender Stratocaster
/wiki/Adult_Swim	Adult Swim
/wiki/The_Good,_the_Bad_%26_the_Live	The Good, the Bad & the Live
/wiki/Wherever_We_May_Roam_Tour	Wherever We May Roam Tour
/wiki/Burger_King	Burger King
/wiki/Astronomy_(song)	Astronomy
/wiki/Heather_Langenkamp	Heather Langenkamp
/wiki/Cunning_Stunts_(video)	Cunning Stunts
/wiki/Randall_Amplifiers	Randall Amplifiers
/wiki/Dunlop_Manufacturing	Dunlop
/wiki/Gregory_Nicotero	Gregory Nicotero
/wiki/The_Mook,_the_Chef,_the_Wife_and_Her_Homer	The Mook, the Chef, the Wife and Her Homer
/wiki/Paul_Bostaph	Paul Bostaph
/wiki/Behind_the_Music	Behind the Music
/wiki/A_Tribute_to_the_Four_Horsemen	A Tribute to the Four Horsemen
/wiki/Whiplash_(Metallica_song)	Whiplash
/wiki/Lessons_in_Violence	Lessons in Violence
/wiki/The_God_That_Failed_(song)	The God That Failed
/wiki/Damage,_Inc._Tour	Damage, Inc. Tour
/wiki/Echobrain	Echobrain
/wiki/Jackson_King_V	Jackson King V
/wiki/Megaforce_Records	Megaforce
/wiki/King_Nothing	King Nothing
/wiki/Hard_rock	hard rock
/wiki/Tom_Savini	Tom Savini
/wiki/The_Metallica_Collection	The Metallica Collection
/wiki/Gibson_Les_Paul_Junior	Les Paul Jr.
/wiki/Basil_Gogos	Basil Gogos
/wiki/Ace_of_Spades	Ace of Spades
/wiki/Epiphone_Les_Paul	Epiphone Les Paul (Custom)
/wiki/Pushead	Pushead
/wiki/Rock_and_Roll_Hall_of_Fame	Rock and Roll Hall of Fame
/wiki/Winchester_Mystery_House	Winchester Mystery House
/wiki/Mama_Said_(Metallica_song)	Mama Said
/wiki/Don%27t_Tread_on_Me_(Metallica_song)	Don't Tread on Me
/wiki/Slayer	Slayer
/wiki/Madly_in_Anger_with_the_World_Tour	Madly in Anger with the World Tour
/wiki/Wherever_We_May_Roam_Tour	Wherever We May Roam American and European
/wiki/Guns_N%27_Roses/Metallica_Stadium_Tour	Guns N' Roses/Metallica Stadium Tour
/wiki/United_States_Merchant_Marine	Merchant Marine
/wiki/New_York	New York
/wiki/Beavis_and_Butt-head	Beavis and Butt-head
/wiki/Line_6_(company)	Line 6
/wiki/Welcome_Home_(Sanitarium)	Welcome Home
/wiki/Bonded_by_Blood	Bonded by Blood
/wiki/Cliff_Burton	Cliff Burton
/wiki/Day_of_the_Dead_(1985_film)	Day of the Dead
/wiki/Guitar_Hero:_Metallica	Guitar Hero: Metallica
/wiki/Monsters_of_Rock_Tour_1987	Monsters of Rock Tour 1987
/wiki/Rob_Dukes	Rob Dukes
/wiki/Monsters_of_Rock_Tour_1988	Monsters of Rock Tour 1988
/wiki/Headbangers_Ball_Tour	Headbangers Ball Tour
/wiki/The_Day_of_the_Triffids_(film)	The Day of the Triffids
/wiki/Ride_the_Lightning_Tour	Ride the Lightning Tour
/wiki/Ernie_Ball	Ernie Ball
/wiki/Michael_Butler_(musician)	Michael Butler
/wiki/George_A._Romero	George A. Romero
/wiki/George_Romero	George Romero
/wiki/Blood_In,_Blood_Out_(Exodus_album)	Blood In, Blood Out
/wiki/Summer_Sanitarium_Tour#Summer_Sanitarium_2003_Tour	Summer Sanitarium 2003 Tour
/wiki/Jimi_Hendrix	Jimi Hendrix
/wiki/The_Regency_Ballroom	Regency Ballroom
/wiki/Metallica_Through_the_Never	Metallica Through the Never
/wiki/Shure	Shure
/wiki/Bonnaroo	Bonnaroo
/wiki/MusicBrainz	MusicBrainz
/wiki/White_Zombie_(film)	White Zombie
/wiki/1982_Demo	1982 Demo
/wiki/All_Nightmare_Long	All Nightmare Long
/wiki/Good_Friendly_Violent_Fun	Good Friendly Violent Fun
/wiki/James_Hetfield	James Hetfield
/wiki/Book:Metallica	Book:Metallica
/wiki/Primus_(band)	Primus
/wiki/Ride_the_Lightning	Ride the Lightning
/wiki/ESP_Kirk_Hammett	ESP Kirk Hammett
/wiki/Gibson_Les_Paul	Gibson 1968 Les Paul Custom
/wiki/The_Atrocity_Exhibition..._Exhibit_A	The Atrocity Exhibition... Exhibit A
/wiki/Six_Feet_Down_Under_Part_II	Six Feet Down Under Part II
/wiki/Bob_Rock	Bob Rock
/wiki/A_Year_and_a_Half_in_the_Life_of_Metallica	A Year and a Half in the Life of Metallica
/wiki/Master_of_Puppets	Master of Puppets
/wiki/John_Tempesta	John Tempesta
/wiki/Godzilla	Godzilla
/wiki/Wayback_Machine	Wayback Machine
/wiki/Some_Kind_of_Monster_(film)	Some Kind of Monster
/wiki/Jon_Benjamin_Has_a_Van	Jon Benjamin Has a Van
/wiki/Gary_Holt_(musician)	Gary Holt
/wiki/Tempo_of_the_Damned	Tempo of the Damned
/wiki/Warner_Bros._Records	Warner Bros.
/wiki/Wherever_I_May_Roam	Wherever I May Roam
/wiki/Sara_Karloff	Sara Karloff
/wiki/Last_Caress/Green_Hell	Last Caress/Green Hell
/wiki/Nowhere_Else_to_Roam	Nowhere Else to Roam Tour
/wiki/ESP_Kirk_Hammett	ESP White Zombie
/wiki/Guitar_World	Guitar World
/wiki/World_Magnetic_Tour	World Magnetic Tour
/wiki/Bay_Area_thrash	Bay Area thrash
/wiki/Stone_Cold_Crazy#Cover_versions	Stone Cold Crazy
/wiki/Kill_%27Em_All	Kill 'Em All
/wiki/Fade_to_Black_(song)	Fade to Black
/wiki/Harvester_of_Sorrow	Harvester of Sorrow
/wiki/Guitar_technician	guitar technician
/wiki/ESP_VIPER	ESP VIPER Baritone
/wiki/California	California
/wiki/Poor_Re-Touring_Me_Tour	Poor Re-Touring Me Tour
/wiki/San_Diego_Comic-Con_International	San Diego Comic-Con International
/wiki/Ibanez_Tube_Screamer	Ibanez Tube Screamer
/wiki/Richmond,_California	Richmond, California
/wiki/UFO_(band)	UFO
/wiki/Marshall_Amplification	Marshall
/wiki/St._Anger	St. Anger
/wiki/Ultimate_Guitar	Ultimate Guitar
/wiki/Until_It_Sleeps	Until It Sleeps
/wiki/K%27Naan	K'Naan
/wiki/Slash_(musician)	Slash
/wiki/Die,_Die_My_Darling#Metallica_version	Die, Die My Darling
/wiki/High_on_Fire	High on Fire
/wiki/Nosferatu	Nosferatu
/wiki/Apocalyptica	Apocalyptica
/wiki/2012_European_Black_Album_Tour	2012 European Black Album Tour
/wiki/Metallic_Assault:_A_Tribute_to_Metallica	Metallic Assault: A Tribute to Metallica
/wiki/Turn_the_Page_(Bob_Seger_song)	Turn the Page
/wiki/TC_Electronic	TC Electronic
/wiki/Rick_Rubin	Rick Rubin
/wiki/Death_Angel	Death Angel
/wiki/Richard_Christy	Richard Christy
/wiki/De_Anza_High_School	De Anza High School
/wiki/Blues_Pills	Blues Pills
/wiki/San_Francisco	San Francisco
/wiki/All_That_I_Am_(Santana_album)	All That I Am
/wiki/Dave_Mustaine	Dave Mustaine
/wiki/Enter_Sandman	Enter Sandman
/wiki/Boss_Corporation	Boss
/wiki/Palm_mute	palm muting
/wiki/San_Francisco,_California	San Francisco, California
/wiki/The_Big_Four:_Live_from_Sofia,_Bulgaria	The Big Four: Live from Sofia, Bulgaria
/wiki/The_Day_That_Never_Comes	The Day That Never Comes
/wiki/Filipino_people	Filipino
/wiki/Ain%27t_My_Bitch	Ain't My Bitch
/wiki/M2K_Mini_Tour	M2K Mini Tour
/wiki/Metallica_discography	Metallica discography
/wiki/Paul_Baloff	Paul Baloff
/wiki/Metallica_discography	Discography
/wiki/Another_Lesson_in_Violence	Another Lesson in Violence
/wiki/Agnostic_Front	Agnostic Front
/wiki/The_500_Greatest_Songs_of_All_Time	The 500 Greatest Songs of All Time
/wiki/Stephen_Perkins	Stephen Perkins
/wiki/San_Diego,_California	San Diego, California
/wiki/Wah-wah_pedal	wah-wah pedal
/wiki/The_Toxic_Waltz_(song)	The Toxic Waltz
/wiki/Beyond_Magnetic	Beyond Magnetic
/wiki/Orgullo,_Pasi%C3%B3n,_y_Gloria:_Tres_Noches_en_la_Ciudad_de_M%C3%A9xico	Orgullo, Pasión, y Gloria: Tres Noches en la Ciudad de México
/wiki/Meshuggah	Meshuggah
/wiki/Garage_Remains_the_Same_Tour	Garage Remains the Same Tour
/wiki/Joe_Satriani	Joe Satriani
/wiki/Garage_Inc.	Garage Inc.
/wiki/Led_Zeppelin	Led Zeppelin
/wiki/Sweden	Sweden
/wiki/Classic_Albums:_Metallica_%E2%80%93_Metallica	Classic Albums: Metallica – Metallica
/wiki/The_Blackest_Album:_An_Industrial_Tribute_to_Metallica	The Blackest Album: An Industrial Tribute to Metallica
/wiki/Damaged_Justice	Damaged Justice Tour
/wiki/Newsted	Newsted
/wiki/Septic_Death	Septic Death
/wiki/The_$5.98_E.P.:_Garage_Days_Re-Revisited	The $5.98 E.P.: Garage Days Re-Revisited
/wiki/Quebec_Magnetic	Quebec Magnetic
/wiki/Mesa/Boogie	Mesa/Boogie
/wiki/My_Apocalypse	My Apocalypse
/wiki/Boris_Karloff	Boris Karloff
/wiki/Thrash_metal	thrash metal
/wiki/Spastik_Children	Spastik Children
/wiki/Friday_the_13th_(franchise)	Friday the 13th
/wiki/DigiTech_Whammy	DigiTech Whammy
/wiki/Boris_Karloff	Boris Karloff Mummy
/wiki/The_Unforgiven_III	The Unforgiven III
/wiki/Hero_of_the_Day	Hero of the Day
/wiki/Robert_Trujillo	Robert Trujillo
/wiki/Abrams_Image	Abrams Image
/wiki/Exodus_(band)	Exodus
/wiki/Carlos_Santana	Carlos Santana
/wiki/Nothing_Else_Matters#Nothing_Else_Matters_.2799	Nothing Else Matters '99
/wiki/Bela_Lugosi	Bela Lugosi
/wiki/ESP_Guitars	ESP Guitar Company
/wiki/Poor_Touring_Me	Poor Touring Me
/wiki/Load_(album)	Load
/wiki/Irish_people	Irish
/wiki/Creeping_Death	Creeping Death
/wiki/Pleasures_of_the_Flesh	Pleasures of the Flesh
/wiki/So_What%3F	So What?
/wiki/Orbital_(band)	Orbital
/wiki/Vertigo_Records	Vertigo
/wiki/Queen_of_Denmark	Queen of Denmark
/wiki/Ron_McGovney	Ron McGovney
/wiki/Jackson_Guitars	Jackson Guitars
/wiki/The_Videos_1989%E2%80%932004	The Videos 1989–2004
/wiki/Big_Mick	Big Mick
/wiki/Internet_Movie_Database	Internet Movie Database
/wiki/The_View_(song)	The View
/wiki/Joel_McIver	Joel McIver
/wiki/Cliff_%27Em_All	Cliff 'Em All
/wiki/Carcass_(band)	Carcass
/wiki/Metallica_v._Napster,_Inc.	Metallica v. Napster, Inc.
/wiki/No_Leaf_Clover	No Leaf Clover
/wiki/Damaged_Justice	Damaged Justice
/wiki/Jackson_Randy_Rhoads	Jackson Randy Rhoads
/wiki/Ibanez_RG	Ibanez RG
/wiki/Beatallica	Beatallica
/wiki/Jump_in_the_Fire	Jump in the Fire
/wiki/Seek_%26_Destroy	Seek & Destroy
/wiki/I_Disappear	I Disappear
/wiki/Let_There_Be_Blood	Let There Be Blood
/wiki/Tuesday%27s_Gone	Tuesday's Gone
/wiki/ESP_Guitars	ESP
/wiki/Kane_Hodder	Kane Hodder
/wiki/The_Unforgiven_(song)#The_Unforgiven_II	The Unforgiven II
/wiki/Cyanide_(song)	Cyanide
/wiki/Sad_but_True	Sad but True
/wiki/Heavy_metal_music	Heavy metal
