/wiki/Protestant_Church_in_the_Netherlands	Protestant Church in the Netherlands
/wiki/Evangelical_Lutheran_Church_of_Angola	Evangelical Lutheran Church of Angola
/wiki/Augsburg_Confession	Augsburg Confession
/wiki/Salvadoran_Lutheran_Church	Salvadoran Lutheran Church
/wiki/Lutheran_World_Federation	Lutheran World Federation
/wiki/Bolivian_Evangelical_Lutheran_Church	Bolivian Evangelical Lutheran Church
/wiki/Christian_Lutheran_Church_of_Honduras	Christian Lutheran Church of Honduras
/wiki/Evangelical_Lutheran_Church_of_Colombia	Evangelical Lutheran Church of Colombia
/wiki/Leuenberg_Agreement	Leuenberg Agreement
/wiki/Evangelical_Lutheran_Church_of_Lithuania	Evangelical Lutheran Church of Lithuania
/wiki/Evangelical-Lutheran_Church_in_Hungary	Evangelical-Lutheran Church in Hungary
/wiki/Malagasy_Protestant_Church_in_France	Malagasy Protestant Church in France
/wiki/Lutheran	Lutheran
/wiki/Federation_of_Evangelical_Lutheran_Churches_in_Switzerland_and_the_Principality_of_Liechtenstein	Federation of Evangelical Lutheran Churches in Switzerland and the Principality of Liechtenstein
/wiki/Estonian_Evangelical_Lutheran_Church	Estonian Evangelical Lutheran Church
/wiki/The_Lutheran_Council_of_Great_Britain	The Lutheran Council of Great Britain
/wiki/Evangelical_Lutheran_Church_of_Hong_Kong	Evangelical Lutheran Church of Hong Kong
/wiki/Evangelical_Lutheran_Free_Church_of_Norway	Evangelical Lutheran Free Church of Norway
/wiki/Evangelical_Church_in_Central_Germany	Evangelical Church in Middle Germany
/wiki/South_Andhra_Lutheran_Church	South Andhra Lutheran Church
/wiki/History_of_religion_in_the_Netherlands	History of religion in the Netherlands
/wiki/Estonian_Evangelical_Lutheran_Church	Estonian Evangelical Lutheran Church Abroad
/wiki/Church_of_Iceland	Church of Iceland
/wiki/Evangelical_Lutheran_Church_in_Madhya_Pradesh	Evangelical Lutheran Church in Madhya Pradesh
/wiki/Evangelical_Lutheran_Church_of_Ghana	Evangelical Lutheran Church of Ghana
/wiki/Christian_Protestant_Angkola_Church	Christian Protestant Angkola Church
/wiki/Northern_Evangelical_Lutheran_Church	Northern Evangelical Lutheran Church
/wiki/Chinese_Rhenish_Church_Hong_Kong_Synod	Chinese Rhenish Church Hong Kong Synod
/wiki/Evangelical_Lutheran_Church_in_Venezuela	Evangelical Lutheran Church in Venezuela
/wiki/Lutheran_Costa_Rican_Church	Lutheran Costa Rican Church
/wiki/Presbyterian_polity	presbyterian
/wiki/Netherlands	Netherlands
/wiki/Jeypore_Evangelical_Lutheran_Church	Jeypore Evangelical Lutheran Church
/wiki/Bible_Belt_(Netherlands)	Bible Belt
/wiki/Confessional_Evangelical_Lutheran_Conference	Confessional Evangelical Lutheran Conference
/wiki/Evangelical_Lutheran_Church_of_Papua_New_Guinea	Evangelical Lutheran Church of Papua New Guinea
/wiki/Church_of_Denmark	Church of Denmark
/wiki/Christian_denomination	Christian denomination
/wiki/Evangelical_Lutheran_Church_in_Oldenburg	Evangelical Lutheran Church in Oldenburg
/wiki/Athanasian_Creed	Athanasian Creeds
/wiki/Evangelical_Lutheran_Church_in_Peru	Evangelical Lutheran Church in Peru
/wiki/United_Protestant_Church	United Protestant Church
/wiki/Boycott,_Divestment_and_Sanctions	Boycott, Divestment and Sanctions
/wiki/Lutheran_Evangelical_Church_in_Italy	Lutheran Evangelical Church in Italy
/wiki/United_Protestant_Church_of_France	United Protestant Church of France
/wiki/Canons_of_Dordt	Canons of Dordt
/wiki/India_Evangelical_Lutheran_Church	India Evangelical Lutheran Church
/wiki/Evangelical_Church_of_the_Augsburg_Confession_in_Romania	Evangelical Church of the Augsburg Confession in Romania
/wiki/Evangelical_Lutheran_Church_in_Myanmar	Evangelical Lutheran Church in Myanmar
/wiki/Tamil_Evangelical_Lutheran_Church	Tamil Evangelical Lutheran Church
/wiki/Bangladesh_Lutheran_Church	Bangladesh Lutheran Church
/wiki/Catechism#Genevan_Catechism	Genevan Catechisms
/wiki/Evangelical_Lutheran_Church_in_Southern_Africa_(Cape_Church)	Evangelical Lutheran Church in Southern Africa (Cape Church)
/wiki/Evangelical_Lutheran_Church_in_Romania	Evangelical Lutheran Church in Romania
/wiki/Evangelical_Lutheran_Church_in_Suriname	Evangelical Lutheran Church in Suriname
/wiki/Evangelical_Lutheran_Church_in_the_Kingdom_of_the_Netherlands	Evangelical Lutheran Church in the Kingdom of the Netherlands
/wiki/Bangladesh_Northern_Evangelical_Lutheran_Church	Bangladesh Northern Evangelical Lutheran Church
/wiki/Andhra_Evangelical_Lutheran_Church	Andhra Evangelical Lutheran Church
/wiki/Reformed	Reformed
/wiki/Presbyterian_polity	Presbyterian
/wiki/Evangelical_Lutheran_Church_of_Finland	Evangelical Lutheran Church of Finland
/wiki/Malagasy_Lutheran_Church	Malagasy Lutheran Church
/wiki/Church_of_Sweden	Church of Sweden
/wiki/Continued_Reformed_Churches_in_the_Netherlands	Continued Reformed Churches in the Netherlands
/wiki/Remonstrants	Remonstrants
/wiki/Non-theist	non-theist
/wiki/Evangelical_Lutheran_Church_in_Malaysia	Evangelical Lutheran Church in Malaysia
/wiki/Lutheran_Church_of_Rwanda	Lutheran Church of Rwanda
/wiki/Evangelical_Lutheran_Church_in_Brunswick	Evangelical Lutheran Church in Brunswick
/wiki/Lutheran_Church_in_the_Philippines	Lutheran Church in the Philippines
/wiki/Protestantism	Protestant
/wiki/Theological_Declaration_of_Barmen	Theological Declaration of Barmen
/wiki/Evangelical_Lutheran_Church_in_Thailand	Evangelical Lutheran Church in Thailand
/wiki/Evangelical_Lutheran_Church_in_Ecuador	Evangelical Lutheran Church in Ecuador
/wiki/Arcot_Lutheran_Church	Arcot Lutheran Church
/wiki/The_Lutheran_Church_of_Christ_in_Nigeria	The Lutheran Church of Christ in Nigeria
/wiki/Kinki_Evangelical_Lutheran_Church	Kinki Evangelical Lutheran Church
/wiki/Batak_Christian_Community_Church	Batak Christian Community Church
/wiki/Church_of_Lippe	Church of Lippe
/wiki/Evangelical_Lutheran_Church_of_Costa_Rica	Evangelical Lutheran Church of Costa Rica
/wiki/Apostles%27_Creed	Apostles'
/wiki/Evangelical_Lutheran_Church_in_Namibia	Evangelical Lutheran Church in Namibia
/wiki/Nicaraguan_Lutheran_Church_of_Faith_and_Hope	Nicaraguan Lutheran Church of Faith and Hope
/wiki/Gossner_Evangelical_Lutheran_Church_in_Chotanagpur_and_Assam	Gossner Evangelical Lutheran Church in Chotanagpur and Assam
/wiki/Protestant_Church_in_Sabah	Protestant Church in Sabah
/wiki/Palestinian_Christian	Palestinian Christian
/wiki/Lanka_Lutheran_Church	Lanka Lutheran Church
/wiki/Mara_Evangelical_Church	Mara Evangelical Church
/wiki/Dutch_Royal_Family	Dutch Royal Family
/wiki/Bible_Belt_(Netherlands)	Bible Belt (Netherlands)
/wiki/Conference_of_European_Churches	Conference of European Churches
/wiki/Ethiopian_Evangelical_Church_Mekane_Yesus	Ethiopian Evangelical Church Mekane Yesus
/wiki/Evangelical_Lutheran_Church_of_Schaumburg-Lippe	Evangelical Lutheran Church of Schaumburg-Lippe
/wiki/International_Lutheran_Council	International Lutheran Council
/wiki/Evangelical_Lutheran_Church_in_Zambia	Evangelical Lutheran Church in Zambia
/wiki/Lutheran_Church_in_Korea	Lutheran Church in Korea
/wiki/Evangelical_Church_of_the_Augsburg_Confession_in_Poland	Evangelical Church of the Augsburg Confession in Poland
/wiki/Lutheran_Church_in_Malaysia_and_Singapore	Lutheran Church in Malaysia and Singapore
/wiki/Deacon	deacons
/wiki/Creed	creeds
/wiki/Evangelical_Lutheran_Church_in_Congo	Evangelical Lutheran Church in Congo
/wiki/Blessing_of_same-sex_unions_in_Christian_churches	blessings of same-sex marriages
/wiki/Basel_Christian_Church_of_Malaysia	Basel Christian Church of Malaysia
/wiki/Evangelical_Lutheran_Church_in_Tanzania	Evangelical Lutheran Church in Tanzania
/wiki/Ecclesiastical_polity	Polity
/wiki/Evangelical_Church_of_the_Augsburg_Confession_in_Slovakia	Evangelical Church of the Augsburg Confession in Slovakia
/wiki/Lutheran_Church_in_Chile	Lutheran Church in Chile
/wiki/Gutnius_Lutheran_Church	Gutnius Lutheran Church
/wiki/Evangelical_Lutheran_Church_in_America	Evangelical Lutheran Church in America
/wiki/Evangelical_Lutheran_Church_of_Eritrea	Evangelical Lutheran Church of Eritrea
/wiki/Church_of_Norway	Church of Norway
/wiki/Slovak_Evangelical_Church_of_the_Augsburg_Confession_in_Serbia	Slovak Evangelical Church of the Augsburg Confession in Serbia
/wiki/The_Lutheran_Church_of_Senegal	The Lutheran Church of Senegal
/wiki/Evangelical_Lutheran_Church_of_Ingria	Evangelical Lutheran Church of Ingria in Russia
/wiki/Evangelical_Lutheran_Church_in_Mozambique	Evangelical Lutheran Church in Mozambique
/wiki/Luther%27s_Large_Catechism	Luther's Catechism
/wiki/Lutheran_World_Federation	The Lutheran World Federation
/wiki/Congregationalist_polity	congregationalist
/wiki/Nicene_Creed	Nicene
/wiki/Dutch_Reformed_Church	Dutch Reformed Church
/wiki/Reformed_Churches_in_the_Netherlands	Reformed Churches in the Netherlands
/wiki/Pakpak_Dairi_Christian_Protestant_Church	Pakpak Dairi Christian Protestant Church
/wiki/United_and_uniting_churches	United and uniting churches
/wiki/Batak_Christian_Protestant_Church	Protestant Christian Batak Church
/wiki/Japan_Lutheran_Church	Japan Lutheran Church
/wiki/Kenya_Evangelical_Lutheran_Church	Kenya Evangelical Lutheran Church
/wiki/Lutheran_Church_in_Singapore	Lutheran Church in Singapore
/wiki/Evangelical_Church_of_the_Augsburg_Confession_in_Austria	Evangelical Church of the Augsburg Confession in Austria
/wiki/Christian_Church	universal church
/wiki/Evangelical_Lutheran_Church_in_Northern_Germany	Evangelical Lutheran Church in Northern Germany
/wiki/Evangelical_Lutheran_Church_in_the_Republic_of_Namibia	Evangelical Lutheran Church in the Republic of Namibia
/wiki/Evangelical_Lutheran_Church_in_Southern_Africa	Evangelical Lutheran Church in Southern Africa
/wiki/Evangelical_Lutheran_Church_in_Jordan_and_the_Holy_Land	Evangelical Lutheran Church in Jordan and the Holy Land
/wiki/Evangelical-Lutheran_Church_of_Hanover	Evangelical-Lutheran Church of Hanover
/wiki/Evangelical_Lutheran_Church_of_Cameroon	Evangelical Lutheran Church of Cameroon
/wiki/Japan_Evangelical_Lutheran_Church	Japan Evangelical Lutheran Church
/wiki/Silesian_Evangelical_Church_of_the_Augsburg_Confession	Silesian Evangelical Church of the Augsburg Confession
/wiki/Synod	Synod
/wiki/World_Communion_of_Reformed_Churches	World Communion of Reformed Churches
/wiki/Latvian_Evangelical_Lutheran_Church_Abroad	Latvian Evangelical Lutheran Church Abroad
/wiki/Evangelical_Lutheran_Church_in_Kenya	Evangelical Lutheran Church in Kenya
/wiki/Dutch_language	Dutch
/wiki/Simalungun_Protestant_Christian_Church	Simalungun Protestant Christian Church
/wiki/Heidelberg_Catechism	Heidelberg
/wiki/Belgic_Confession	Belgic Confession
/wiki/Evangelical_Lutheran_Church_in_the_Himalayan_States	Evangelical Lutheran Church in the Himalayan States
/wiki/Evangelical_Lutheran_Church_of_Latvia	Evangelical Lutheran Church of Latvia
/wiki/Lutheran_Church_of_Belgium:_Arlon_and_Christian_Mission	Lutheran Church of Belgium: Arlon and Christian Mission
/wiki/Palestinian_Christians#Kairos_Palestine	Kairos Palestine
/wiki/Evangelical_Lutheran_Church_in_Botswana	Evangelical Lutheran Church in Botswana
/wiki/Evangelical_Lutheran_Church_in_Canada	Evangelical Lutheran Church in Canada
/wiki/Lutheran_Church_in_Great_Britain	Lutheran Church in Great Britain
/wiki/Zimbabwe	Zimbabwe
/wiki/Lutheran_Church_in_Ireland	Lutheran Church in Ireland
/wiki/Evangelical_Lutheran_Church_in_Baden	Evangelical Lutheran Church in Baden
/wiki/Westerkerk	Westerkerk
/wiki/Restored_Reformed_Church	Restored Reformed Church
/wiki/Evangelical_Lutheran_Church_in_Sierra_Leone	Evangelical Lutheran Church in Sierra Leone
/wiki/Evangelical_Church_in_the_Republic_of_Croatia	Evangelical Church in the Republic of Croatia
/wiki/Evangelical_Lutheran_Church_in_Zimbabwe	Evangelical Lutheran Church in Zimbabwe
/wiki/Protestant_Christian_Church_in_Mentawai	Protestant Christian Church in Mentawai
/wiki/Mexican_Lutheran_Church	Mexican Lutheran Church
/wiki/Evangelical_Church_of_the_Augsburg_Confession_in_Slovenia	Evangelical Church of the Augsburg Confession in Slovenia
/wiki/Evangelical_Lutheran_Church_in_Guyana	Evangelical Lutheran Church in Guyana
/wiki/World_Council_of_Churches	World Council of Churches
/wiki/Evangelical-Lutheran_Church_of_Saxony	Evangelical-Lutheran Church of Saxony
/wiki/Lutheran_Church_of_Australia	Lutheran Church of Australia
/wiki/Union_of_Protestant_Churches_of_Alsace_and_Lorraine	Union of Protestant Churches of Alsace and Lorraine
/wiki/Evangelical_Lutheran_Church_in_Chile	Evangelical Lutheran Church in Chile
/wiki/Evangelical_Church_of_the_Lutheran_Confession_in_Brazil	Evangelical Church of the Lutheran Confession in Brazil
/wiki/Catholic_Church	Catholic Church
/wiki/Congregationalist_polity	Congregationalist
/wiki/Evangelical-Lutheran_Church_in_W%C3%BCrttemberg	Evangelical Church in Württemberg
/wiki/Ordination_of_women	Ordination of women
/wiki/Taiwan_Lutheran_Church	Taiwan Lutheran Church
/wiki/Tsung_Tsin_Mission_of_Hong_Kong	Tsung Tsin Mission of Hong Kong
/wiki/Evangelical_Lutheran_Church_in_Malawi	Evangelical Lutheran Church in Malawi
/wiki/Holy_communion	holy communion
/wiki/Sabeel	Sabeel
/wiki/Evangelical_Lutheran_Church_in_Bavaria	Evangelical Lutheran Church in Bavaria
/wiki/Amsterdam	Amsterdam
/wiki/Evangelical_Church_of_Czech_Brethren	Evangelical Church of Czech Brethren
/wiki/Evangelical_Lutheran_Church_in_Russia,_Ukraine,_Kazakhstan_and_Central_Asia	Evangelical Lutheran Church in Russia and Other States
/wiki/Klaas_Hendrikse	Klaas Hendrikse
