/wiki/Utah	Utah
/wiki/Beat_Generation	Beat Generation
/wiki/Springville,_Utah	Springville
/wiki/Goose_Creek_Wilderness	Goose Creek
/wiki/Freekstyle	Freekstyle
/wiki/Glen_Canyon_Dam	Glen Canyon Dam
/wiki/Kingman_Reef	Kingman Reef
/wiki/Space_Shuttle	Space Shuttle
/wiki/Little_Cottonwood_Canyon	Little Cottonwood Canyon
/wiki/Wayne_County,_Utah	Wayne
/wiki/Mark_Twain	Mark Twain's
/wiki/Indiana	Indiana
/wiki/Sister_Wives	Sister Wives
/wiki/Louisiana	Louisiana
/wiki/Franklin,_Idaho	Franklin, Idaho
/wiki/Taylor_Creek_Wilderness	Taylor Creek
/wiki/Southern_Baptist_Convention	Southern Baptist Convention
/wiki/Flaming_Gorge_National_Recreation_Area	Flaming Gorge
/wiki/Utah%27s_Black_Hawk_War	Utah's Black Hawk War
/wiki/Great_Basin	Great Basin
/wiki/Fremont_culture	Fremont
/wiki/Flag_of_Utah	Flag
/wiki/Salt_Lake_City_International_Airport	Salt Lake City International Airport
/wiki/Women%27s_suffrage_in_Utah	Women's suffrage in Utah
/wiki/Test_Drive_Off-Road_Wide_Open	Test Drive Off-Road Wide Open
/wiki/United_States_National_Wildlife_Refuge	National Wildlife Refuges
/wiki/Democratic_Party_(United_States)	Democratic Party
/wiki/Utah_State_Aggies	Utah State
/wiki/Utah_State_House_of_Representatives	Utah State House of Representatives
/wiki/Spanish_Fork,_Utah	Spanish Fork
/wiki/Blackridge_Wilderness	Blackridge
/wiki/Neal_Cassady	Neal Cassady
/wiki/Flight_Park_State_Recreation_Area	Flight Park
/wiki/U.S._Wilderness_Area	U.S. Wilderness Area
/wiki/Major_League_Soccer	Major League Soccer
/wiki/Stevens-Henager_College	Stevens-Henager College
/wiki/Michigan	Michigan
/wiki/Rainbow_Bridge_National_Monument	Rainbow Bridge
/wiki/Kayenta_Formation	Kayenta sandstone
/wiki/Supreme_Court_of_the_United_States	Supreme Court
/wiki/Topaz	Topaz
/wiki/Ute_language	Ute language
/wiki/Henry_Mountains	Henry
/wiki/List_of_U.S._Wilderness_Areas#Utah	U.S. Wilderness Areas
/wiki/Deep_Creek_North_Wilderness	Deep Creek North
/wiki/Fremont_Indian_State_Park_and_Museum	Fremont Indian
/wiki/West_Coast_Conference	West Coast Conference
/wiki/Copper	Copper
/wiki/Recreation	recreation
/wiki/Doom_(video_game)	Doom
/wiki/Paramore	Paramore
/wiki/Paria_Canyon-Vermilion_Cliffs_Wilderness	Paria Canyon-Vermilion Cliffs
/wiki/Northeastern_United_States	Northeastern
/wiki/Jon_Bon_Jovi	Jon Bon Jovi
/wiki/Light_rail	light rail
/wiki/Republican_Party_(United_States)	Republican Party
/wiki/Indian_reservation	Indian reservations
/wiki/Grand_Staircase-Escalante_National_Monument	Grand Staircase-Escalante
/wiki/Mia_Love	Mia Love
/wiki/Sandy,_Utah	Sandy
/wiki/American_imperialism	Imperialism
/wiki/U.S._National_Geodetic_Survey	U.S. National Geodetic Survey
/wiki/Separation_of_powers_under_the_United_States_Constitution	Separation of powers
/wiki/Temples_(Mormonism)	temples
/wiki/Northwestern_United_States	Northwestern
/wiki/Wayback_Machine	Wayback Machinehttp
/wiki/Purple_America	Purple America
/wiki/Fort_Douglas_(Utah)	Fort Douglas
/wiki/Slickrock_Trail	Slickrock
/wiki/Thomas_Ford_(politician)	Thomas Ford
/wiki/Rich_County,_Utah	Rich
/wiki/Red_Rock_Film_Festival	Red Rock Film Festival
/wiki/Maryland	Maryland
/wiki/Franklin_County,_Idaho	Franklin (Idaho)
/wiki/Christian_right	Religious Right
/wiki/Arizona	Arizona
/wiki/Zion_Wilderness	Zion
/wiki/Red_Line_(TRAX)	Red Line
/wiki/Cedar_Hills,_Utah	Cedar Hills
/wiki/Nauvoo_Legion	Nauvoo Legion
/wiki/Promontory,_Utah	Promontory, Utah
/wiki/Jon_Huntsman,_Jr.	Governor Jon Huntsman
/wiki/Mike_Leavitt	Mike Leavitt
/wiki/Mercur,_Utah	Mercur
/wiki/Arches_National_Park	Arches National Park
/wiki/Boise,_Idaho	Boise
/wiki/Futurama	Futurama
/wiki/Interstate_highway	Interstate highway
/wiki/American_Century	American Century
/wiki/Ezra_Taft_Benson	Ezra Taft Benson
/wiki/Ute_Tribe	Utes
/wiki/Beaver_Dam_Wash	Beaver Dam Wash
/wiki/Official_language	official language
/wiki/Energy_policy_of_the_United_States	Energy policy
/wiki/United_States_National_Conservation_Area	National Conservation Areas
/wiki/United_States_Supreme_Court	United States Supreme Court
/wiki/Temple_Square	Temple Square
/wiki/Will_Hobbs	Will Hobbs'
/wiki/United_States_district_court	District courts
/wiki/Scandinavian_Americans	Scandinavian
/wiki/Bear_River_Mountains	Bear River Mountains
/wiki/Retention_election	retention election
/wiki/Arches_National_Park	Arches
/wiki/Wake_Island	Wake Island
/wiki/List_of_colleges_and_universities_in_Utah	List of colleges and universities in Utah
/wiki/English_language	English
/wiki/South_Salt_Lake	South Salt Lake
/wiki/Ohio	Ohio
/wiki/Davis_Bitton	Davis Bitton
/wiki/Arkansas	Arkansas
/wiki/American_Fork_Canyon	American Fork Canyon
/wiki/High_Uintas_Wilderness	High Uintas
/wiki/Nevada	Nevada
/wiki/Teenage_pregnancy	teenage pregnancy
/wiki/Chinese_language	Chinese
/wiki/Utah_Starzz	Utah Starzz
/wiki/Promised_Land_(TV_series)	Promised Land
/wiki/Bountiful,_Utah	Bountiful
/wiki/Demonym	Demonym
/wiki/Monarch_butterfly	Monarch butterfly
/wiki/Sales_tax	sales tax
/wiki/Roughing_It	Roughing It
/wiki/CBS	CBS
/wiki/Federal_judiciary_of_the_United_States	Federal judiciary
/wiki/Maine	Maine
/wiki/Baker_Island	Baker Island
/wiki/The_Impossible_Astronaut	The Impossible Astronaut
/wiki/DMOZ	DMOZ
/wiki/Doctor_Who	Doctor Who
/wiki/TLC_(TV_channel)	TLC
/wiki/Mountain_Time_Zone	Mountain
/wiki/Sierra_Nevada_(U.S.)	Sierra Nevada
/wiki/Leonard_J._Arrington	Leonard J. Arrington
/wiki/%C3%89tienne_Provost	Étienne Provost
/wiki/American_literature	Literature
/wiki/Neumont_University	Neumont University
/wiki/Antelope_Island_State_Park	Antelope Island
/wiki/Green_Line_(TRAX)	Green Line
/wiki/Saratoga_Springs,_Utah	Saratoga Springs
/wiki/Gilded_Age	Gilded Age
/wiki/Maverik_Center	Maverik Center
/wiki/Protected_areas_of_the_United_States	Protected areas
/wiki/The_Last_of_Us	The Last of Us
/wiki/French_language	French
/wiki/Manila,_Utah	Manila
/wiki/Blue_Line_(TRAX)	Blue Line
/wiki/Marlin_K._Jensen	Marlin Jensen
/wiki/The_National_Journal	The National Journal
/wiki/Utah_Stars	Utah Stars
/wiki/Cottonwood_Forest_Wilderness	Cottonwood Forest
/wiki/Vietnamese_language	Vietnamese
/wiki/U.S._National_Park	U.S. National Park
/wiki/United_States_federal_civil_service	Civil service
/wiki/Dark_Canyon_Wilderness	Dark Canyon
/wiki/Jeremy_Clarkson	Jeremy Clarkson
/wiki/Carbon_County,_Utah	Carbon
/wiki/Desert_Biosphere_Reserve	Desert Biosphere Reserve
/wiki/United_States_micropolitan_area	micropolitan areas
/wiki/Pacific-12_Conference	Pacific-12 Conference
/wiki/Shaun_White_Snowboarding	Shaun White Snowboarding
/wiki/Timpanogos_Cave_National_Monument	Timpanogos Cave
/wiki/Downhill_Domination	Downhill Domination
/wiki/Provo_Municipal_Airport	Provo Municipal Airport
/wiki/American_Fork,_Utah	American Fork
/wiki/Book_of_Mormon	Book of Mormon
/wiki/Tartan	Tartan
/wiki/American_ancestry	American
/wiki/Outline_of_Utah	Outline of Utah
/wiki/Bureau_of_Economic_Analysis	Bureau of Economic Analysis
/wiki/Index_of_Utah-related_articles	Index of Utah-related articles
/wiki/La_Sal_Mountains	La Sal
/wiki/Property_tax	Property taxes
/wiki/Bart_Simpson	Bart
/wiki/Salt_Lake_International_Airport	Salt Lake International Airport
/wiki/The_Gallup_Organization#Gallup_Poll	Gallup poll
/wiki/German_language	German
/wiki/Tiffany_(American_singer)	Tiffany
/wiki/Osmond_Studios	Osmond Studios
/wiki/Westerns	Westerns
/wiki/Pacific_States	Pacific
/wiki/United_States_Minor_Outlying_Islands	Outlying islands
/wiki/Walter_M._Miller,_Jr.	Walter M. Miller, Jr.'s
/wiki/Camp_Floyd	Camp Floyd
/wiki/Ogden-Hinckley_Airport	Ogden-Hinckley Airport
/wiki/Eagle_Mountain,_Utah	Eagle Mountain
/wiki/Utah_Olympic_Oval	Utah Olympic Oval
/wiki/Admission_to_the_Union	Admission to Union
/wiki/Rio_Tinto_Stadium	Rio Tinto Stadium
/wiki/I_Think_We%27re_Alone_Now	I Think We're Alone Now
/wiki/Mormon_Pioneer_National_Historic_Trail	Mormon Pioneer
/wiki/Newsweek	Newsweek
/wiki/Box_Elder_County,_Utah	Box Elder
/wiki/Chess	Chess
/wiki/Bear_Lake_State_Park_(Utah)	Bear Lake State Park
/wiki/The_Church_of_Jesus_Christ_of_Latter-day_Saints	The Church of Jesus Christ of Latter-day Saints
/wiki/Palau	Palau
/wiki/Northern_United_States	Northern
/wiki/Orem,_Utah	Orem
/wiki/Western_honey_bee	Western honey bee
/wiki/College_rugby	college rugby
/wiki/Forbes	Forbes
/wiki/Mount_Nebo_(Utah)	Mount Nebo
/wiki/West_Jordan,_Utah	West Jordan
/wiki/Libertarianism	libertarian
/wiki/Cedar_Breaks_National_Monument	Cedar Breaks
/wiki/American_English	American English
/wiki/Uniting_Fore_Care_Classic	Uniting Fore Care Classic
/wiki/Dutch_American	Dutch
/wiki/Echo,_Utah	Echo Junction
/wiki/Vice_President_of_the_United_States	Vice President
/wiki/East_Coast_of_the_United_States	East Coast
/wiki/Lieutenant_Governor_of_Utah	Lieutenant Governor
/wiki/Escalante_Petrified_Forest_State_Park	Escalante Petrified Forest
/wiki/Iowa	Iowa
/wiki/Code_of_Federal_Regulations	Code of Federal Regulations
/wiki/Command_%26_Conquer:_Tiberian_Sun	Command & Conquer: Tiberian Sun
/wiki/Americana	Americana
/wiki/Extreme_points_of_the_United_States	Extreme points
/wiki/St._George_Regional_Airport	St. George Regional Airport
/wiki/Cottonwood_Canyon_Wilderness	Cottonwood Canyon
/wiki/Tooele	Tooele
/wiki/50_State_Quarters	State Quarter
/wiki/Sandstone	sandstone
/wiki/List_of_state_highways_in_Utah	List of state highways in Utah
/wiki/Pine_tree	pine
/wiki/Edge_of_the_Cedars_State_Park	Edge of the Cedars State Park
/wiki/Prison_Break	Prison Break
/wiki/Space_Race	Space Race
/wiki/Capital_punishment_in_the_United_States	Capital punishment
/wiki/Holladay,_Utah	Holladay
/wiki/OpenStreetMap	OpenStreetMap
/wiki/National_Reconnaissance_Office	National Reconnaissance Office
/wiki/United_States_courts_of_appeals	Courts of appeals
/wiki/Territorial_Statehouse_State_Park	Territorial Statehouse
/wiki/Salt_Lake_Valley	Salt Lake Valley
/wiki/West_Valley_City,_Utah	West Valley City
/wiki/Riverton,_Utah	Riverton
/wiki/Snake_Range	Snake Range
/wiki/Emery_County,_Utah	Emery
/wiki/Equal_Rights_Amendment	Equal Rights Amendment
/wiki/Alaska	Alaska
/wiki/First_Transcontinental_Railroad	First Transcontinental Railroad
/wiki/Dinosaur_National_Monument	Dinosaur
/wiki/ITT_Technical_Institute	ITT Technical Institute
/wiki/Nebraska	Nebraska
/wiki/Willard_Bay	Willard Bay
/wiki/Indian_Wars	Indian Wars
/wiki/Social_programs_in_the_United_States	Social welfare programs
/wiki/Swiss_American	Swiss
/wiki/Sand_dune	sand dunes
/wiki/Vernal,_Utah	Vernal
/wiki/Real_Salt_Lake	Real Salt Lake
/wiki/Adobe_Flash	Adobe Flash
/wiki/M1911_pistol	M1911 pistol
/wiki/Mid-Atlantic_states	Mid-Atlantic
/wiki/Mitt_Romney	Mitt Romney
/wiki/Mexico	Mexico
/wiki/Reconstruction_Era	Reconstruction Era
/wiki/Everwood	Everwood
/wiki/Japanese_language	Japanese
/wiki/Political_divisions_of_the_United_States	Political divisions
/wiki/SkyWest_Airlines	SkyWest Airlines
/wiki/Pre-Columbian_era	Pre-Columbian era
/wiki/Welsh_American	Welsh
/wiki/Mojave_Desert	Mojave Desert
/wiki/Tennessee	Tennessee
/wiki/San_Bernardino,_California	San Bernardino, California
/wiki/Seal_of_Utah	Seal
/wiki/Midvale,_Utah	Midvale
/wiki/Islam	Islam
/wiki/New_Deal	New Deal
/wiki/World_Digital_Library	World Digital Library
/wiki/Mississippi	Mississippi
/wiki/United_States_Census_Bureau	United States Census Bureau
/wiki/Butch_Cassidy_and_the_Sundance_Kid	Butch Cassidy and the Sundance Kid
/wiki/National_Climatic_Data_Center	National Climatic Data Center
/wiki/Wyoming	Wyoming
/wiki/Minnesota	Minnesota
/wiki/Palisade_State_Park	Palisade
/wiki/Monument_Valley	Monument Valley
/wiki/Associated_state	Associated states
/wiki/United_States_Coast_Guard	Coast Guard
/wiki/Twin_Peaks_Wilderness	Twin Peaks
/wiki/Salt_Lake_Bees	Salt Lake Bees
/wiki/Utah_Transit_Authority	Utah Transit Authority (UTA)
/wiki/Iraq_War	Iraq War
/wiki/White_American	White
/wiki/Jake_Garn	Jake Garn
/wiki/Rush_Lake_(Utah)	Rush Lake
/wiki/Brigham_City,_Utah	Brigham City
/wiki/Texas	Texas
/wiki/African-American_Civil_Rights_Movement_(1954%E2%80%9368)	African-American Civil Rights Movement (1954–68)
/wiki/Southwestern_United_States	Southwestern
/wiki/Demi_Lovato	Demi Lovato
/wiki/Polygamy	polygamy
/wiki/Plural_marriage	plural marriage
/wiki/National_Guard_of_the_United_States	National Guard
/wiki/Monticello,_Utah	Monticello
/wiki/Boy_Scouts_of_America	Boy Scouts
/wiki/Metropolitan_areas	metropolitan areas
/wiki/Southeastern_United_States	Southeastern
/wiki/Amy_Pond	Amy Pond
/wiki/Utah_State_Parks	state parks
/wiki/Health_care_reform_in_the_United_States	Health care reform
/wiki/Johnston_Atoll	Johnston Atoll
/wiki/Morgan_County,_Utah	Morgan County
/wiki/Sanpete_County,_Utah	Sanpete
/wiki/Ewing_Marion_Kauffman_Foundation	Ewing Marion Kauffman Foundation
/wiki/Indigenous_languages_of_the_Americas	Indigenous languages
/wiki/Flag_of_Utah	Flag of Utah
/wiki/Judaism	Judaism
/wiki/Uinta-Wasatch-Cache_National_Forest	Uinta-Wasatch-Cache
/wiki/Lake_Bonneville	Lake Bonneville
/wiki/Mars_University	Mars University
/wiki/National_Security_Agency	National Security Agency
/wiki/Fur_trade	fur traders
/wiki/Bear_River_Migratory_Bird_Refuge	Bear River Migratory Bird Refuge
/wiki/Eureka,_Utah	Eureka
/wiki/D._B._Cooper	D. B. Cooper
/wiki/United_States_House_of_Representatives	United States House of Representatives
/wiki/Green_River,_Utah	Green River
/wiki/Delaware	Delaware
/wiki/Dead_Horse_Point_State_Park	Dead Horse Point
/wiki/Downtown_Salt_Lake_City	Downtown Salt Lake City
/wiki/South_Dakota	South Dakota
/wiki/Utah_Territory	Utah Territory
/wiki/Off_highway_vehicle	off highway vehicle
/wiki/Internal_Revenue_Service	Internal Revenue Service
/wiki/Native_Hawaiian	Native Hawaiian
/wiki/Mormons	Mormons
/wiki/Kansas	Kansas
/wiki/Bryce_Canyon_National_Park	Bryce Canyon National Park
/wiki/Brian_Head_Ski_Resort	Brian Head
/wiki/Non_denominational	Non denominational
/wiki/Wall_Street	Wall Street
/wiki/Suffrage	suffrage
/wiki/List_of_Utah_counties	List of Utah counties
/wiki/Delta_Air_Lines	Delta Air Lines
/wiki/Wasatch_County,_Utah	Wasatch County
/wiki/2010_United_States_Census	2010 United States Census
/wiki/Evanston,_Wyoming	Evanston
/wiki/Drake_%26_Josh	Drake & Josh
/wiki/United_States_Department_of_Energy	United States Department of Energy
/wiki/Utah_Shakespeare_Festival	Utah Shakespeare Festival
/wiki/Howland_Island	Howland Island
/wiki/Bonneville_cutthroat_trout	Bonneville cutthroat trout
/wiki/King_Nothing	King Nothing
/wiki/University_of_Utah_Press	University of Utah Press
/wiki/Goblin_Valley	Goblin Valley
/wiki/Junction,_Utah	Junction
/wiki/Alcohol	alcohol
/wiki/Frontier_Homestead_State_Park_Museum	Frontier Homestead
/wiki/Progressive_Era	Progressive Era
/wiki/Alaska_Highway	Alaska Highway
/wiki/50_United_States	50 United States
/wiki/Manti,_Utah	Manti
/wiki/National_Oceanic_and_Atmospheric_Administration	National Oceanic and Atmospheric Administration
/wiki/Nauvoo,_Illinois	Nauvoo, Illinois
/wiki/Norwegian_American	Norwegian
/wiki/USS_Utah_(BB-31)	USS Utah (BB-31)
/wiki/Capitol_Reef_National_Park	Capitol Reef
/wiki/California_Zephyr	California Zephyr
/wiki/United_States_Bill_of_Rights	Bill of Rights
/wiki/EA_Sports_BIG	EA Sports BIG
/wiki/Richfield,_Utah	Richfield
/wiki/Child_poverty	child poverty
/wiki/LGBT_rights_in_the_United_States	LGBT rights
/wiki/Ute_tribe	Ute tribe
/wiki/Anti-Americanism	Anti-Americanism
/wiki/Upper_house	Upper house
/wiki/Chabad	Chabad
/wiki/2002_Winter_Olympics	2002 Winter Olympics
/wiki/2002_Winter_Olympic_Games	2002 Winter Olympic Games
/wiki/Roaring_Twenties	Roaring Twenties
/wiki/United_States	United States
/wiki/Mainline_Protestants	Mainline Protestants
/wiki/Utah_State_Capitol	Utah State Capitol
/wiki/Central_Intelligence_Agency	Central Intelligence Agency
/wiki/American_middle_class	Middle class
/wiki/United_States_Forest_Service	Forest Service areas
/wiki/Evangelicals	Evangelicals
/wiki/Public_holidays_in_the_United_States	Public holidays
/wiki/Gunlock_State_Park	Gunlock
/wiki/The_Simpsons	The Simpsons
/wiki/51st_state	51st state
/wiki/Midway_Atoll	Midway Atoll
/wiki/Helper,_Utah	Helper
/wiki/Utah_State_Legislature	Utah State Legislature
/wiki/Thirteen_Colonies	Thirteen Colonies
/wiki/Layton,_Utah	Layton
/wiki/Mexican-American_War	Mexican-American War
/wiki/Compromise_of_1850	Compromise of 1850
/wiki/List_of_cities_and_towns_in_Utah	List of cities and towns in Utah
/wiki/Criticism_of_the_United_States_government	Criticism of government
/wiki/Huntington,_Utah	Huntington
/wiki/List_of_canyons_and_gorges_in_Utah	List of canyons and gorges in Utah
/wiki/Financial_position_of_the_United_States	Financial position
/wiki/Peter_Sinks	Peter Sinks
/wiki/Dark_Rivers_of_the_Heart	Dark Rivers of the Heart
/wiki/Vernal_Regional_Airport	Vernal Regional Airport
/wiki/Mormon_pioneers	Mormon pioneers
/wiki/Cache_County,_Utah	Cache
/wiki/Public_policy_of_the_United_States	Public policy
/wiki/Great_Depression	Great Depression
/wiki/Lake_Powell	Lake Powell
/wiki/Buddhism	Buddhism
/wiki/Lake-effect_snow	lake-effect snow
/wiki/Water_supply_and_sanitation_in_the_United_States	Water supply and sanitation
/wiki/Utah_Shakespearean_Festival	Utah Shakespearean Festival
/wiki/Utah_Transit_Authority	Utah Transit Authority
/wiki/Seal_of_Utah	Seal of Utah
/wiki/Sly_Cooper_and_the_Thievius_Raccoonus	Sly Cooper and the Thievius Raccoonus
/wiki/Pacific_Islander	other Pacific Islander
/wiki/Fallout:_New_Vegas	Fallout: New Vegas
/wiki/Utah_Court_of_Appeals	Utah Court of Appeals
/wiki/United_States_Congress	Congress
/wiki/Eastern_United_States	Eastern
/wiki/New_England	New England
/wiki/Chevrolet_Corvette#C6_generation	Chevrolet Corvette ZR-1
/wiki/The_Killers	The Killers
/wiki/Kitchen_v._Herbert	Kitchen v. Herbert
/wiki/Marshall_Islands	Marshall Islands
/wiki/Delta,_Utah	Delta
/wiki/IMDb	IMDb
/wiki/Francisco_V%C3%A1squez_de_Coronado	Francisco Vásquez de Coronado
/wiki/The_Mormons_(miniseries)	The Mormons
/wiki/Electoral_College_(United_States)	Electoral College
/wiki/Ogden,_Utah	Ogden, Utah
/wiki/Snake_Valley_(Great_Basin)	Snake Valley
/wiki/San_Rafael_Swell	San Rafael Swell
/wiki/Rio_Grande	Rio Grande
/wiki/Salt_Lake_Community_College	Salt Lake Community College
/wiki/Ghost_Dance	Ghost Dance
/wiki/Silver_Reef,_Utah	Silver Reef
/wiki/Piute_State_Park	Piute
/wiki/Utah_(disambiguation)	Utah (disambiguation)
/wiki/Liberal_Party_(Utah)	Liberal Party
/wiki/Summit_County,_Utah	Summit
/wiki/Economy_of_Utah	Economy of Utah
/wiki/National_Basketball_Association	National Basketball Association
/wiki/Hannah_Montana_%26_Miley_Cyrus:_Best_of_Both_Worlds_Concert	Hannah Montana & Miley Cyrus: Best of Both Worlds Concert
/wiki/List_of_Utah_State_Legislatures	List of Utah State Legislatures
/wiki/South_Carolina	South Carolina
/wiki/Insular_area	Insular areas
/wiki/Rob_Bishop	Rob Bishop
/wiki/Wasatch_Range	Wasatch Range
/wiki/Slaughter_Creek_Wilderness	Slaughter Creek
/wiki/Colorado	Colorado
/wiki/Historic_25th_Street	Historic 25th Street
/wiki/Health_insurance_in_the_United_States	Health insurance
/wiki/Ute_people	Ute people
/wiki/U.S._state	State
/wiki/West_Haven,_Utah	West Haven
/wiki/New_York	New York
/wiki/American_nationalism	Nationalism
/wiki/List_of_Indian_reservations_in_the_United_States	List of Indian reservations
/wiki/List_of_professional_sports_teams_in_Utah	List of professional sports teams in Utah
/wiki/Uintah_County,_Utah	Uintah
/wiki/Columbia_River	Columbia
/wiki/127_Hours	127 Hours
/wiki/James_May	James May
/wiki/Utah_Championship	Utah Championship
/wiki/Cherry	Cherry
/wiki/Palm_Coast,_Florida	Palm Coast, Florida
/wiki/List_of_Utah_Governors	List of Utah Governors
/wiki/United_States_Department_of_Labor	United States Department of Labor
/wiki/Oklahoma	Oklahoma
/wiki/Constitution_of_Utah	Constitution of Utah
/wiki/Harry_Turtledove	Harry Turtledove's
/wiki/Snow_Canyon_State_Park	Snow Canyon
/wiki/Four_Corners	Four Corners
/wiki/Nibley,_Utah	Nibley
/wiki/Canyonlands_Field	Canyonlands Field
/wiki/Rain_shadow	rain shadow
/wiki/Idaho	Idaho
/wiki/NewsBank	NewsBank
/wiki/American_philosophy	Philosophy
/wiki/The_Salt_Lake_Tribune	The Salt Lake Tribune
/wiki/NCAA_Division_I_Football_Bowl_Subdivision	Football Bowl Subdivision
/wiki/The_Aquabats_Super_Show	The Aquabats Super Show
/wiki/Price,_Utah	Price
/wiki/Family_structure_in_the_United_States	Family structure
/wiki/National_Recreation_Area	National Recreation Area
/wiki/Ghost_Adventures	Ghost Adventures
/wiki/Alta_Ski_Area	Alta Ski Area
/wiki/David_Magleby	David Magleby
/wiki/1890_Manifesto	1890 Manifesto
/wiki/New_Jersey	New Jersey
/wiki/Legislature	Legislature
/wiki/DOCUTAH_Film_Festival	DOCUTAH Film Festival
/wiki/Labor_unions_in_the_United_States	Labor unions
/wiki/War_in_Afghanistan_(2001%E2%80%9314)	War in Afghanistan
/wiki/Ogden,_Utah	Ogden
/wiki/Deseret_Peak_Wilderness	Deseret Peak
/wiki/Capitol_Reef_National_Park	Capitol Reef National Park
/wiki/Hawaii	Hawaii
/wiki/Governor_of_Utah	Governor
/wiki/Ashley_National_Forest	Ashley
/wiki/Deer_Creek_Reservoir	Deer Creek Reservoir
/wiki/List_of_counties_in_Utah	List of counties in Utah
/wiki/Federal_Reserve_System	Federal Reserve System
/wiki/Alabama	Alabama
/wiki/Fishlake_National_Forest	Fishlake
/wiki/Midwestern_United_States	Midwestern
/wiki/Federal_Bureau_of_Investigation	Federal Bureau of Investigation
/wiki/Portuguese_language	Portuguese
/wiki/Top_Gear_(2002_TV_series)	Top Gear
/wiki/Grand_County,_Utah	Grand County
/wiki/Sawtooth_National_Forest	Sawtooth
/wiki/Environmental_movement_in_the_United_States	Environmental movement
/wiki/Garfield_County,_Utah	Garfield
/wiki/Utah_County	Utah County
/wiki/Cedar_City_Regional_Airport	Cedar City Regional Airport
/wiki/American_frontier	American frontier
/wiki/Salt_Lake_County	Salt Lake County
/wiki/Mountain_Meadows_massacre	Mountain Meadows massacre
/wiki/City_Creek_Center	City Creek Center
/wiki/Clearfield,_Utah	Clearfield
/wiki/Same-sex_marriage_in_the_United_States	Same-sex marriage
/wiki/Parowan,_Utah	Parowan
/wiki/Civil_liberties_in_the_United_States	Civil liberties
/wiki/Federal_Reporter	Federal Reporter
/wiki/Sevier_County,_Utah	Sevier
/wiki/Georgia_(U.S._state)	Georgia
/wiki/Deep_Creek_Wilderness	Deep Creek
/wiki/Carson_Valley,_Nevada	Carson Valley, Nevada
/wiki/Birth_rate	birth rate
/wiki/Panguitch,_Utah	Panguitch
/wiki/United_States_presidential_election,_2008	United States presidential election, 2008
/wiki/History_of_Utah	History of Utah
/wiki/Jim_Bridger	Jim Bridger
/wiki/United_States_National_Monument	NPS National Monuments
/wiki/Utah,_This_Is_the_Place	Utah, This Is the Place
/wiki/Democratic_Party_(U.S.)	Democratic
/wiki/Southern_Utah_Thunderbirds	Southern Utah (SUU)
/wiki/Third_party_(United_States)	Third parties
/wiki/Snowbird,_Utah#Ski_resort	Snowbird Ski Resort
/wiki/Glen_Canyon_National_Recreation_Area	Glen Canyon National Recreation Area
/wiki/U.S._state	state
/wiki/Temperature_inversion	temperature inversions
/wiki/Mountain_Meadow_Massacre	Mountain Meadow Massacre
/wiki/United_States_federal_budget	Federal Budget
/wiki/Thumbtack_(website)	Thumbtack
/wiki/Around_the_World_in_Eighty_Days_(book)	Around the World in Eighty Days
/wiki/Ice_hockey	hockey
/wiki/Mexican%E2%80%93American_War	Mexican–American War
/wiki/Daggett_County,_Utah	Daggett
/wiki/Black_Ridge_Canyons_Wilderness	Black Ridge Canyons
/wiki/United_States_Senate	United States Senate
/wiki/Utah_State_Parks	Utah State Parks
/wiki/Navassa_Island	Navassa Island
/wiki/Utah_Olympic_Park	Utah Olympic Park
/wiki/Wasatch_Mountains	Wasatch Mountains
/wiki/Great_Plains	Great Plains
/wiki/National_parks	national parks
/wiki/Mountain_West_Conference	Mountain West Conference
/wiki/Vowels	vowels
/wiki/North_American_Vertical_Datum_of_1988	North American Vertical Datum of 1988
/wiki/Coal	Coal
/wiki/Antonga_Black_Hawk	Antonga Black Hawk
/wiki/Jarvis_Island	Jarvis Island
/wiki/Blood_%26_Oil	Blood & Oil
/wiki/Kaysville,_Utah	Kaysville
/wiki/Illinois	Illinois
/wiki/Starvation_State_Park	Starvation
/wiki/Italians	Italian
/wiki/Republican_Party_(U.S.)	Republican
/wiki/Cottonwood_Heights,_Utah	Cottonwood Heights
/wiki/Intangible_asset	intangible property taxes
/wiki/Western_Athletic_Conference	Western Athletic Conference
/wiki/LDS_Business_College	LDS Business College
/wiki/Patrick_Edward_Connor	Patrick E. Connor
/wiki/Demographics_of_Utah	Demographics of Utah
/wiki/Washington,_Utah	Washington
/wiki/Utah_Valley_University	Utah Valley University
/wiki/Delicate_Arch	Delicate Arch
/wiki/Metallica	Metallica
/wiki/Utah_Lake	Utah Lake
/wiki/Bonneville_Salt_Flats	Bonneville Salt Flats
/wiki/Salt_Lake_City	Salt Lake City
/wiki/Brigham_Young_University	Brigham Young University
/wiki/Rockport_Reservoir	Rockport
/wiki/United_States_National_Forest	National Forests
/wiki/Canaan_Mountain_Wilderness	Canaan Mountain
/wiki/Association_of_Religion_Data_Archives	Association of Religion Data Archives
/wiki/Davis_Applied_Technology_College	Davis Applied Technology College
/wiki/San_Juan_County,_Utah	San Juan
/wiki/Immigrants	immigrants
/wiki/Great_Salt_Lake	Great Salt Lake
/wiki/Vietnam_War	Vietnam War
/wiki/I_Love_Jenni	I Love Jenni
/wiki/Terrain	terrain
/wiki/Moab,_Utah	Moab
/wiki/Bureau_of_Labor_Statistics	Bureau of Labor Statistics
/wiki/Florida	Florida
/wiki/Josh_Peck	Josh Peck
/wiki/United_States_District_Court_for_the_District_of_Utah	United States District Court for the District of Utah
/wiki/Grand_County,_Utah	Grand
/wiki/Jehovah%27s_Witnesses	Jehovah's Witnesses
/wiki/Stansbury_Park,_Utah	Stansbury Park
/wiki/Wellsville_Mountain_Wilderness	Wellsville Mountain
/wiki/U.S._National_Forest	U.S. National Forest
/wiki/Dominguez-Escalante_Expedition	Dominguez-Escalante Expedition
/wiki/Taylorsville,_Utah	Taylorsville
/wiki/UC_Berkeley	UC Berkeley
/wiki/The_Offspring	The Offspring
/wiki/William_Clayton_(Mormon)	William Clayton
/wiki/Utah_State_Senate	State Senate
/wiki/Lehi,_Utah	Lehi
/wiki/Health_care_in_the_United_States	Health care
/wiki/Oregon	Oregon
/wiki/Cedar_City,_Utah	Cedar City
/wiki/Gotta_Get_Away_(The_Offspring_song)	Gotta Get Away
/wiki/The_Gallup_Organization	Gallup
/wiki/Micronesia,_Federated_States_of	Micronesia, Federated States of
/wiki/War_on_Terror	War on Terror
/wiki/Lower_house	Lower house
/wiki/Heber,_Utah	Heber
/wiki/Dodge_Challenger#SRT8	Dodge Challenger SRT-8
/wiki/Navajo_people	Navajo
/wiki/Polygamous	polygamous
/wiki/Brian_Head_Ski_Resort	Brian Head Ski Resort
/wiki/Foreign_relations_of_the_United_States	Foreign relations
/wiki/Henry_van_Statten	Henry van Statten
/wiki/U.S._Census_Bureau	U.S. Census Bureau
/wiki/United_States_Armed_Forces	Armed Forces
/wiki/Colorado_Plateau	Colorado Plateau
/wiki/Central_United_States	Central
/wiki/Abraham_Lincoln	Abraham Lincoln
/wiki/Red_states_and_blue_states	Red states and blue states
/wiki/Salt_Lake_Temple	Salt Lake Temple
/wiki/ECHL	ECHL
/wiki/Emery_County,_Utah	Emery County
/wiki/On_the_Road	On the Road
/wiki/Flaming_Gorge_National_Recreation_Area	Flaming Gorge National Recreation Area
/wiki/Defense_Intelligence_Agency	Defense Intelligence Agency
/wiki/Political_party_strength_in_Utah	Political party strength in Utah
/wiki/Albert_Sidney_Johnston	Albert Sidney Johnston
/wiki/Personal_income_in_the_United_States	Personal income
/wiki/Cache_Valley	Cache Valley
/wiki/The_Plain_Dealer	The Plain Dealer
/wiki/Beaverdam_Wash	Beaverdam Wash
/wiki/Utah_State_Parks	Utah State Parks and Recreation
/wiki/United_States_Ski_Team	United States Ski Team
/wiki/Virginia	Virginia
/wiki/Santa_Fe,_New_Mexico	Santa Fe
/wiki/Kane_County,_Utah	Kane
/wiki/North_Carolina	North Carolina
/wiki/Deer_Creek_State_Park	Deer Creek
/wiki/Vivint_Smart_Home_Arena	Vivint Smart Home Arena
/wiki/Wasatch_Front	Wasatch Front
/wiki/Edge_of_the_Cedars_State_Park_Museum	Edge of the Cedars
/wiki/United_States_Navy	Navy
/wiki/Beaver,_Utah	Beaver
/wiki/Salt_Lake_City_International_Airport	international airport
/wiki/Pleasant_View,_Utah	Pleasant View
/wiki/Southern_Victory_Series	Southern Victory Series
/wiki/African-American_Civil_Rights_Movement_(1865%E2%80%9395)	African-American Civil Rights Movement 1865-1895
/wiki/U.S._National_Monument	U.S. National Monument
/wiki/Millard_Fillmore	Millard Fillmore
/wiki/Resistance_2	Resistance 2
/wiki/United_States_Virgin_Islands	U.S. Virgin Islands
/wiki/Red_Fleet_State_Park	Red Fleet
/wiki/Millard_County,_Utah	Millard
/wiki/Holi_Festival	Holi Festival
/wiki/Historic_Union_Pacific_Rail_Trail_State_Park	Historic Union Pacific Rail Trail
/wiki/Kodachrome_Basin_State_Park	Kodachrome Basin
/wiki/Deer_Valley	Deer Valley
/wiki/Star_Valley	Star Valley, Wyoming
/wiki/New_Mexico	New Mexico
/wiki/Cove_Fort,_Utah	Cove Fort
/wiki/Basin_and_Range_Province	basin and range
/wiki/Utah_State_Legislature	State Legislature
/wiki/Signature_Books	Signature Books
/wiki/Gulf_of_California	Gulf of California
/wiki/Pine_Valley_Mountain_Wilderness	Pine Valley Mountain
/wiki/American_Revolutionary_War	War
/wiki/NOAA_Commissioned_Officer_Corps	NOAA Corps
/wiki/Associated_Press	Associated Press
/wiki/Wisconsin	Wisconsin
/wiki/Cadillac_CTS-V	Cadillac CTS-V
/wiki/South_Jordan,_Utah	South Jordan, Utah
/wiki/United_States_Reports	United States Reports
/wiki/Southern_United_States	Southern
/wiki/Connecticut	Connecticut
/wiki/Promontory_Summit	Promontory Summit
/wiki/United_States_Marine_Corps	Marine Corps
/wiki/Healthcare_in_Utah	Healthcare
/wiki/International_rankings_of_the_United_States	International rankings
/wiki/California	California
/wiki/Farmington,_Utah	Farmington
/wiki/Deseret_Digital_Media	Deseret Digital Media
/wiki/Las_Vegas,_Nevada	Las Vegas, Nevada
/wiki/Cedar_Mountain_Wilderness	Cedar Mountain
/wiki/Income_tax	income tax
/wiki/United_States_Geological_Survey	United States Geological Survey
/wiki/Utah_Blaze	Utah Blaze
/wiki/North_Dakota	North Dakota
/wiki/Ski_resort	ski resorts
/wiki/Rocky_Mountains	Rocky Mountains
/wiki/Pennsylvania	Pennsylvania
/wiki/Salt_Lake_County	Salt Lake
/wiki/West_Virginia	West Virginia
/wiki/Washington_County,_Utah	Washington County
/wiki/Provo,_Utah	Provo, Utah
/wiki/List_of_appearances_of_Monument_Valley_in_the_media	List of appearances of Monument Valley in the media
/wiki/Millsite_State_Park	Millsite
/wiki/Red_Butte_Wilderness	Red Butte
/wiki/OCLC	OCLC
/wiki/Plains_Indian_Sign_Language	Plains Sign Talk
/wiki/Utah_Jazz	Utah Jazz
/wiki/Deep_Creek_Range	Deep Creek Range
/wiki/Fillmore,_Utah	Fillmore
/wiki/Richard_Hammond	Richard Hammond
/wiki/Doc%27s_Pass_Wilderness	Doc's Pass
/wiki/Red_Cliffs_National_Conservation_Area	Red Cliffs
/wiki/Standard_of_living_in_the_United_States	Standard of living
/wiki/Washington,_D.C.	Washington, D.C.
/wiki/Same-sex_marriage_in_Utah	Same-sex marriage in Utah
/wiki/Uintah_Basin	Uintah Basin
/wiki/Foreign_policy_of_the_United_States	Foreign policy
/wiki/Commuter_rail_in_North_America	commuter rail
/wiki/Park_City,_Utah	Park City
/wiki/St._George,_Utah	St. George
/wiki/Park_City_Mountain_Resort	Park City Mountain Resort
/wiki/Big_Love	Big Love
/wiki/TRAX_(light_rail)	TRAX
/wiki/Spencer_Cox_(politician)	Spencer J. Cox
/wiki/Palmyra_Atoll	Palmyra Atoll
/wiki/State_of_Deseret	State of Deseret
/wiki/History_of_Utah	History
/wiki/Chelsea_Grin	Chelsea Grin
/wiki/Rory_Williams	Rory Williams
/wiki/Spanish%E2%80%93American_War	Spanish–American War
/wiki/Rose_Park,_Salt_Lake_City	Rose Park, Salt Lake City
/wiki/Yuba_State_Park	Yuba
/wiki/Navajo_sandstone	Navajo sandstone
/wiki/National_recreation_area	national recreation areas
/wiki/Forever_Strong	Forever Strong
/wiki/Hinduism	Hinduism
/wiki/Arapaho_language	Arapaho
/wiki/Eyring_Science_Center	Eyring Science Center
/wiki/Household_income_in_the_United_States	Household income
/wiki/Dean_Koontz	Dean Koontz's
/wiki/Ephraim,_Utah	Ephraim
/wiki/Uinta_Basin	Uinta Basin
/wiki/Provo_College	Provo College
/wiki/California_gull	California gull
/wiki/Woodruff,_Utah	Woodruff
/wiki/Technological_and_industrial_history_of_the_United_States	Technological and industrial
/wiki/Grantsville,_Utah	Grantsville
/wiki/New_Hampshire	New Hampshire
/wiki/Golden_Spike	Golden Spike
/wiki/University_of_Utah	University of Utah
/wiki/Lagoon_Amusement_Park	Lagoon Amusement Park
/wiki/Pacific_Coast_League	Pacific Coast League
/wiki/Vermont	Vermont
/wiki/Lists_of_United_States_state_symbols	Lists of United States state symbols
/wiki/Tooele_County,_Utah	Tooele County
/wiki/State_governments_of_the_United_States	State governments
/wiki/Wayback_Machine	Wayback Machine
/wiki/Ancestral_Puebloans	Ancestral Puebloans
/wiki/Manti-La_Sal_National_Forest	Manti-La Sal
/wiki/Political_status_of_Puerto_Rico	Political status of Puerto Rico
/wiki/Iron_County,_Utah	Iron
/wiki/United_States_National_Park	National Parks
/wiki/Jack_Kerouac	Jack Kerouac's
/wiki/Solar_power_in_Utah	solar power
/wiki/Nickelodeon	Nickelodeon
/wiki/United_States_Senate	Senate
/wiki/Separation_of_church_and_state_in_the_United_States	Separation of church and state
/wiki/Natural_Bridges_National_Monument	Natural Bridges
/wiki/Logan,_Utah	Logan
/wiki/James_B._Allen_(historian)	Allen, James B.
/wiki/The_Monkey_Wrench_Gang	The Monkey Wrench Gang
/wiki/Second-wave_feminism	Feminist Movement
/wiki/Randolph,_Utah	Randolph
/wiki/National_Monument_(United_States)	national monuments
/wiki/Utah_State_Senate	Utah State Senate
/wiki/HBO	HBO
/wiki/NCAA_Division_I	Division I
/wiki/Zion_National_Park	Zion National Park
/wiki/Travel_Channel	Travel Channel
/wiki/Provo,_Utah	Provo
/wiki/Gary_Herbert	Gary Herbert
/wiki/Las_Vegas_metropolitan_area	Las Vegas metropolitan area
/wiki/Loa,_Utah	Loa
/wiki/Wasatch_Back	Wasatch Back
/wiki/Deseret_Morning_News	Deseret Morning News
/wiki/Christian_Science_Monitor	Christian Science Monitor
/wiki/American_Civil_War	American Civil War
/wiki/United_States_Constitution	Constitution
/wiki/The_Great_Brain	The Great Brain
/wiki/Flash_flood	flash flooding
/wiki/Amtrak	Amtrak
/wiki/Salt_Lake_Tribune	Salt Lake Tribune
/wiki/Canyonlands_National_Park	Canyonlands National Park
/wiki/Uncle_Sam	Uncle Sam
/wiki/Bobsleigh	bobsleigh
/wiki/Western_United_States	Western
/wiki/United_States_National_Forest	national forests
/wiki/Western_Governors_University	Western Governors University
/wiki/Daydreaming	Daydreaming
/wiki/Alcoholic_beverage_control_state	alcoholic beverage control state
/wiki/Robbie_Russell_(soccer)	Robbie Russell
/wiki/Major_professional_sports_league	major professional sports league
/wiki/Constitutional_amendment	amended
/wiki/Greeks	Greek
/wiki/Box-Death_Hollow_Wilderness	Box-Death Hollow
/wiki/George_Wythe_University	George Wythe University
/wiki/Utah_Valley	Utah Valley
/wiki/Steinaker_State_Park	Steinaker
/wiki/Nephi,_Utah	Nephi
/wiki/Edward_Abbey	Edward Abbey's
/wiki/Missouri	Missouri
/wiki/Eagle_Gate_College	Eagle Gate College
/wiki/Director_of_National_Intelligence	Office of the Director of National Intelligence
/wiki/John_McCain	John McCain
/wiki/Utah_Department_of_Alcoholic_Beverage_Control	Utah Department of Alcoholic Beverage Control
/wiki/Social_class_in_the_United_States	Social class
/wiki/A_Canticle_for_Leibowitz	A Canticle for Leibowitz
/wiki/Indian_ricegrass	Indian ricegrass
/wiki/Goshute	Goshute
/wiki/Kings_Peak_(Utah)	Kings Peak
/wiki/Dixie_State_University	Dixie State University
/wiki/Guam	Guam
/wiki/United_States_Air_Force	Air Force
/wiki/Splinter_Cell:_Conviction	Splinter Cell: Conviction
/wiki/Greeley,_Colorado	Greeley, Colorado
/wiki/Navajo_Nation	Navajo Nation
/wiki/Groundwater	groundwater
/wiki/Jordanelle_State_Park	Jordanelle
/wiki/Salt_lake	salt lake
/wiki/Bear_Lake_State_Park_(Utah)	Bear Lake
/wiki/Eastern_Orthodox	Eastern Orthodox
/wiki/Swedish_American	Swedish
/wiki/Caribou-Targhee_National_Forest	Caribou-Targhee
/wiki/Mount_Timpanogos_Wilderness	Mount Timpanogos
/wiki/Utah_College_of_Applied_Technology	Utah College of Applied Technology
/wiki/Ashdown_Gorge_Wilderness	Ashdown Gorge
/wiki/Wasatch_County,_Utah	Wasatch
/wiki/Federal_district	Federal district
/wiki/Continental_Congress	Continental Congress
/wiki/Scofield_State_Park	Scofield
/wiki/Alta_California	Alta California
/wiki/Major_League_Baseball	Major League Baseball
/wiki/Notch_Peak	Notch Peak
/wiki/Mars	Mars
/wiki/NOAA	NOAA
/wiki/Economy_of_Utah	Economy
/wiki/Danish_American	Danish
/wiki/Utah_State_Fair	State fair
/wiki/Merriam-Webster	Merriam-Webster
/wiki/Draper,_Utah	Draper
/wiki/Government_of_Utah	Government
/wiki/Coalville,_Utah	Coalville
/wiki/Robert_J._Shelby	Robert J. Shelby
/wiki/Utah_locations_by_per_capita_income	Utah locations by per capita income
/wiki/Montana	Montana
/wiki/Fish_Springs_National_Wildlife_Refuge	Fish Springs
/wiki/Weber_County,_Utah	Weber
/wiki/Uintah_and_Ouray_Indian_Reservation	Uintah and Ouray Indian Reservation
/wiki/Women%27s_suffrage	suffrage to women
/wiki/United_States_Code	United States Code
/wiki/Dinosaur_National_Monument	Dinosaur National Monument
/wiki/Syracuse,_Utah	Syracuse
/wiki/STS-51-D	STS-51-D
/wiki/Cougar_Canyon_Wilderness	Cougar Canyon
/wiki/PBS	PBS
/wiki/Death_of_Joseph_Smith	death of Joseph Smith
/wiki/Scottish_American	Scottish
/wiki/Mike_Lee_(Utah_politician)	Mike Lee
/wiki/People%27s_Party_(Utah)	People's Party
/wiki/East_Canyon_State_Park	East Canyon
/wiki/Rhode_Island	Rhode Island
/wiki/Professional_and_working_class_conflict_in_the_United_States	Professional and working class conflict
/wiki/Monsoon	monsoon
/wiki/BYU_Cougars	BYU
/wiki/Snow_College	Snow College
/wiki/Davis_County,_Utah	Davis
/wiki/Top_Gear_(series_12)	Series 12
/wiki/Utah_Supreme_Court	Utah Supreme Court
/wiki/Big_Sky_Conference	Big Sky Conference
/wiki/Federalist_Era	Federalist Era
/wiki/Rohr_Jewish_Learning_Institute	Rohr Jewish Learning Institute
/wiki/Shadow_Mountain	Shadow Mountain
/wiki/College_of_Eastern_Utah	College of Eastern Utah
/wiki/Massachusetts	Massachusetts
/wiki/Salt_Lake_City_Tornado	Salt Lake City Tornado
/wiki/Lone_Peak_Wilderness	Lone Peak
/wiki/Roy,_Utah	Roy
/wiki/United_States_territorial_acquisitions	Territorial acquisitions
/wiki/Bingham_Canyon_Mine	Bingham Canyon Mine
/wiki/The_Art_Institute_of_Salt_Lake_City	The Art Institute of Salt Lake City
/wiki/Educational_attainment_in_the_United_States	Educational attainment
/wiki/Planet_of_the_Apes_(2001_film)	Planet of the Apes
/wiki/Ranching	ranching
/wiki/The_Stand_(TV_miniseries)	The Stand
/wiki/West_Coast_of_the_United_States	West Coast
/wiki/Square_dance	Square dance
/wiki/Elk	Elk
/wiki/Cost_of_living	cost of living
/wiki/Salina,_Utah	Salina
/wiki/Juab_County,_Utah	Juab
/wiki/Speed_skating	speed skating
/wiki/Utah_Field_House_of_Natural_History	Utah Field House of Natural History
/wiki/Beartrap_Canyon_Wilderness	Beartrap Canyon
/wiki/Quail_Creek_State_Park	Quail Creek
/wiki/Chris_Stewart_(politician)	Chris Stewart
/wiki/Daybreak_Community	Daybreak Community
/wiki/Bryce_Canyon_National_Park	Bryce Canyon
/wiki/American_Revolution	American Revolution
/wiki/Sri_Sri_Radha_Krishna_Temple_(Spanish_Fork)	Sri Sri Radha Krishna Temple
/wiki/Federal_preemption	Preemption
/wiki/FrontRunner	FrontRunner
/wiki/Skyscraper_(song)	Skyscraper
/wiki/Timeline_of_modern_American_conservatism	Timeline of modern American conservatism
/wiki/Orrin_Hatch	Orrin Hatch
/wiki/Mount_Olympus_Wilderness	Mount Olympus
/wiki/Beaver_Dam_Mountains_Wilderness	Beaver Dam Mountains
/wiki/Great_Salt_Lake_Desert	Great Salt Lake Desert
/wiki/Oil_shale	oil shale
/wiki/Pleasant_Grove,_Utah	Pleasant Grove
/wiki/Great_Basin_National_Park	Great Basin National Park
/wiki/Smoking_ban	smoking ban
/wiki/United_States_Army	Army
/wiki/Paiute	Paiute
/wiki/Abajo_Mountains	Abajo
/wiki/Allosaurus	Allosaurus
/wiki/Moab_Jeep_Safari	Moab Jeep Safari
/wiki/American_Civil_War	Civil War
/wiki/Colorado_River_(U.S.)	Colorado River
/wiki/Puerto_Rico	Puerto Rico
/wiki/Sand_Hollow_State_Park	Sand Hollow
/wiki/Tenth_Circuit_Court_of_Appeals	Tenth Circuit Court of Appeals
/wiki/James_Buchanan	James Buchanan
/wiki/Canyonlands_National_Park	Canyonlands
/wiki/Glen_Canyon_National_Recreation_Area	Glen Canyon
/wiki/Peter_Skene_Ogden	Peter Skene Ogden
/wiki/Rocky_Mountains	Rocky
/wiki/Red_Mountains_Wilderness	Red Mountains
/wiki/South_Willard,_Utah	South Willard
/wiki/Mount_Naomi_Wilderness	Mount Naomi
/wiki/USA_Today	USA Today
/wiki/University_of_Phoenix	University of Phoenix
/wiki/National_Geospatial-Intelligence_Agency	National Geospatial-Intelligence Agency
/wiki/American_Samoa	American Samoa
/wiki/United_States_federal_executive_departments	Executive departments
/wiki/Brigham_Young	Brigham Young
/wiki/Development_of_Skiing_in_Utah	development of several ski resorts
/wiki/Hyrum_State_Park	Hyrum
/wiki/Concentrated_solar_power	concentrated solar power
/wiki/Irish_American	Irish
/wiki/Westminster_College,_Salt_Lake_City	Westminster College
/wiki/Dixie_(Utah)	Dixie
/wiki/Huntsman_Cancer_Institute	Huntsman Cancer Institute
/wiki/War_of_1812	War of 1812
/wiki/Sevier_Lake	Sevier Lake
/wiki/Appalachian_Mountains	Appalachian
/wiki/Herriman,_Utah	Herriman
/wiki/U.S._states	U.S. states
/wiki/Ski_jumping	ski jumping
/wiki/Murray,_Utah	Murray
/wiki/Otter_Creek_Reservoir	Otter Creek
/wiki/George_W._Bush	George W. Bush
/wiki/Territorial_evolution_of_the_United_States	Territorial evolution
/wiki/Hovenweep_National_Monument	Hovenweep
/wiki/Summit_County,_Utah	Summit County
/wiki/United_States_Public_Health_Service_Commissioned_Corps	Public Health Service Corps
/wiki/American_exceptionalism	Exceptionalism
/wiki/Utah_State_University	Utah State University
/wiki/Alfred_Cumming_(governor)	Alfred Cumming
/wiki/Goosenecks_State_Park	Goosenecks
/wiki/Castle_Dale,_Utah	Castle Dale
/wiki/Cold_War	Cold War
/wiki/Centers_for_Disease_Control_and_Prevention	Centers for Disease Control and Prevention
/wiki/Portage,_Utah	Portage
/wiki/Demographics_of_Utah	Demographics
/wiki/Semi-arid_climate	semi-arid
/wiki/American_Dream	American Dream
/wiki/Utah_Grizzlies	Utah Grizzlies
/wiki/Income_inequality_in_the_United_States	Income inequality
/wiki/Northern_Mariana_Islands	Northern Mariana Islands
/wiki/First_Transcontinental_Telegraph	First Transcontinental Telegraph
/wiki/Ross_Perot	Ross Perot
/wiki/Smith%27s_Ballpark	Smith's Ballpark
/wiki/Roseman_University_of_Health_Sciences	Roseman University
/wiki/Desert_climate	desert climate
/wiki/Touched_by_an_Angel	Touched by an Angel
/wiki/Center_of_population	center of population
/wiki/Treaty_of_Guadalupe_Hidalgo	Treaty of Guadalupe Hidalgo
/wiki/Weber_State_Wildcats	Weber State
/wiki/Mormon	Mormon
/wiki/Castle_Valley,_Utah	Castle Valley Mining Complex
/wiki/Utah_Utes	Utah
/wiki/Wasatch_Mountain_State_Park	Wasatch Mountain
/wiki/Lehi,_Utah	Lehi, Utah
/wiki/Edmunds-Tucker_Act	Edmunds-Tucker Act
/wiki/Affirmative_action_in_the_United_States	Affirmative action
/wiki/Quorum_of_the_Twelve_Apostles_(LDS_Church)	Quorum of the Twelve
/wiki/South_Jordan,_Utah	South Jordan
/wiki/List_of_U.S._states_by_date_of_statehood	List of U.S. states by date of statehood
/wiki/Deseret_News	Deseret News
/wiki/Weber_State_University	Weber State University
/wiki/Southern_Utah_University	Southern Utah University
/wiki/List_of_Utah_state_symbols	Utah state symbols
/wiki/ISO_3166	ISO 3166
/wiki/I_Disappear	I Disappear
/wiki/Downtown_Salt_Lake_City	downtown Salt Lake City
/wiki/Sundance_Film_Festival	Sundance Film Festival
/wiki/Kentucky	Kentucky
/wiki/College_football	football
/wiki/Inheritance_tax	inheritance tax
/wiki/Parental_notification	parental notification
/wiki/Utah_War	Utah War
/wiki/Tremonton,_Utah	Tremonton
/wiki/Wendover,_Utah	Wendover
/wiki/Korean_War	Korean War
/wiki/Crandall_Canyon_Mine	Crandall Canyon Mine
/wiki/Duchesne,_Utah	Duchesne
/wiki/LaVerkin_Creek_Wilderness	LaVerkin Creek
/wiki/Morgan,_Utah	Morgan
/wiki/Amped_3	Amped 3
/wiki/The_Visitor_(TV_series)	The Visitor
/wiki/Blaze_of_Glory_(Jon_Bon_Jovi_song)	Blaze of Glory
/wiki/Catholic_Church	Catholic Church
/wiki/Human_rights_in_the_United_States	Human rights
/wiki/Public_land	land
/wiki/Mexican_American	Mexican
/wiki/Kanab,_Utah	Kanab
/wiki/Morbidity_and_Mortality_Weekly_Report	Morbidity and Mortality Weekly Report
/wiki/Gun_politics_in_the_United_States	Gun politics
/wiki/Utah_House_of_Representatives	House of Representatives
/wiki/Colonial_American_military_history	Military history
/wiki/Broadview_University	Broadview University
/wiki/Asian_American	Asian
/wiki/Snowville,_Utah	Snowville
/wiki/Spanish_language	Spanish
/wiki/Crime_in_Utah	Crime
/wiki/Coral_Pink_Sand_Dunes_State_Park	Coral Pink Sand Dunes
/wiki/Shoshone	Shoshone
/wiki/Jason_Chaffetz	Jason Chaffetz
/wiki/Uinta_Mountains	Uinta Mountains
/wiki/Black_American_Sign_Language	Black American Sign Language
