/wiki/New_Hampshire	New Hampshire
/wiki/Canada	Canada
/wiki/Bean%27s_Purchase,_New_Hampshire	Bean's Purchase
/wiki/Civil_union	civil unions
/wiki/Brown_Company	Brown Company
/wiki/Pardon	pardon
/wiki/Seacoast_United_Phantoms	Seacoast United Phantoms
/wiki/Saint_Anselm_College	Saint Anselm College
/wiki/Supreme_Court_of_the_United_States	Supreme Court
/wiki/Kingman_Reef	Kingman Reef
/wiki/Korean_War	Korean War
/wiki/The_Hampton_Union	The Hampton Union
/wiki/Snowmobile	snowmobile
/wiki/Skiing	skiing
/wiki/Indiana	Indiana
/wiki/Louisiana	Louisiana
/wiki/United_States_Coast_Guard	Coast Guard
/wiki/Celia_Thaxter	Celia Thaxter
/wiki/Columbia_River	Columbia
/wiki/Pinkham%27s_Grant,_New_Hampshire	Pinkham's Grant
/wiki/IndyCar_Series	IndyCar Series
/wiki/Government_of_New_Hampshire	Government of New Hampshire
/wiki/Energy_policy_of_the_United_States	Energy policy
/wiki/Merrimack_River	Merrimack River
/wiki/New_Hampshire_Liquor_Commission	State Liquor Commission
/wiki/Nationwide_Series	Nationwide Series
/wiki/Montana	Montana
/wiki/Western_United_States	Western
/wiki/K%C3%B6ppen_climate_classification	Köppen climate classification
/wiki/U.S._Route_3	U.S. Route 3
/wiki/U.S._Route_2	U.S. Route 2
/wiki/Pacific_Islander	other Pacific Islander
/wiki/Pemigewasset_River	Pemigewasset River
/wiki/Scranton,_Pennsylvania	Scranton
/wiki/Josiah_Bartlet	Josiah Bartlet
/wiki/Jeanne_Shaheen	Jeanne Shaheen
/wiki/Abenaki_people	Abenaki
/wiki/Town_meeting	town meeting
/wiki/Tourist_railroad	Tourist railroads
/wiki/Virginia_Beach	Virginia Beach
/wiki/Jarvis_Island	Jarvis Island
/wiki/Antioch_University_New_England	Antioch University New England
/wiki/Franklin_Pierce	Franklin Pierce
/wiki/Richmond,_Virginia	Richmond
/wiki/North_America	Northern American Continent
/wiki/American_Century	American Century
/wiki/Vito_Spatafore	Vito Spatafore
/wiki/African-American_Civil_Rights_Movement_(1865%E2%80%9395)	African-American Civil Rights Movement 1865-1895
/wiki/War_in_Afghanistan_(2001%E2%80%9314)	War in Afghanistan
/wiki/United_Church_of_Christ	United Church of Christ
/wiki/Quincy,_Massachusetts	Quincy
/wiki/Waterville_Valley,_New_Hampshire	Waterville Valley
/wiki/New_York	New York
/wiki/John_Knowles	John Knowles
/wiki/U.S._National_Geodetic_Survey	U.S. National Geodetic Survey
/wiki/Northwestern_United_States	Northwestern
/wiki/Vietnam_War	Vietnam War
/wiki/Rye,_New_Hampshire	Rye, New Hampshire
/wiki/Dix%27s_Grant,_New_Hampshire	Dix's Grant
/wiki/Jumanji	Jumanji
/wiki/Budget	budget
/wiki/U.S._state	State
/wiki/Burlington,_Vermont	Burlington
/wiki/Archie_Comics	Archie Comics
/wiki/Augusta,_Maine	Augusta
/wiki/New_Hampshire_State_House	New Hampshire State House
/wiki/List_of_television_stations_in_New_Hampshire	List of television stations in New Hampshire
/wiki/Greater_Boston	Greater Boston
/wiki/United_States_Geological_Survey	United States Geological Survey
/wiki/Arizona	Arizona
/wiki/Sprint_Cup_Series	Sprint Cup Series
/wiki/John_Sullivan_(general)	General Sullivan
/wiki/Political_status_of_Puerto_Rico	Political status of Puerto Rico
/wiki/Thirteen_colonies	thirteen colonies
/wiki/Mid-Atlantic_states	Mid-Atlantic
/wiki/Temperate_broadleaf_and_mixed_forests	temperate broadleaf and mixed forests
/wiki/Micronesia,_Federated_States_of	Micronesia, Federated States of
/wiki/New_Hampshire_Probate_Court	Probate Court
/wiki/Cutt%27s_Grant,_New_Hampshire	Cutt's Grant
/wiki/Province_of_Pennsylvania	Province of Pennsylvania
/wiki/Idaho	Idaho
/wiki/United_States_Bill_of_Rights	Bill of Rights
/wiki/University_of_New_Hampshire	University of New Hampshire
/wiki/Metro-North_Railroad	Metro-North
/wiki/Criticism_of_the_United_States_government	Criticism of government
/wiki/Greeks	Greek
/wiki/Wake_Island	Wake Island
/wiki/Berlin_Daily_Sun	Berlin Daily Sun
/wiki/English_people	English
/wiki/Ohio	Ohio
/wiki/New_Hampshire_Fisher_Cats	New Hampshire Fisher Cats
/wiki/Valley_News	Valley News
/wiki/Province_of_South_Carolina	Province of South Carolina
/wiki/Third_party_(United_States)	Third parties
/wiki/Demonym	Demonym
/wiki/Sales_tax	sales tax
/wiki/List_of_lakes_in_New_Hampshire	List of lakes in New Hampshire
/wiki/Maine	Maine
/wiki/Baker_Island	Baker Island
/wiki/District_of_Columbia	District of Columbia
/wiki/Alan_Shepard	Alan Shepard
/wiki/French_Canadian	French Canadian
/wiki/DMOZ	DMOZ
/wiki/Wisconsin	Wisconsin
/wiki/Defense_Intelligence_Agency	Defense Intelligence Agency
/wiki/Franklin_D._Roosevelt	Franklin D. Roosevelt
/wiki/Franconia_Notch	Franconia Notch
/wiki/Amtrak	Amtrak
/wiki/Old_New_Hampshire	Old New Hampshire
/wiki/John_E._Sununu	John E. Sununu
/wiki/Snowboarding	snowboard
/wiki/United_States_Code	United States Code
/wiki/Mont_Vernon,_New_Hampshire	Mont Vernon
/wiki/Province_of_New_York	Province of New York
/wiki/Hispanic_and_Latino_American	Hispanic and Latino Americans
/wiki/Hampton_Beach,_New_Hampshire	Hampton Beach
/wiki/United_States_federal_budget	Federal Budget
/wiki/Second_College_Grant,_New_Hampshire	Second College Grant
/wiki/New_Hampshire_Technical_Institute	New Hampshire Technical Institute
/wiki/Portsmouth_Naval_Shipyard	Portsmouth Naval Shipyard
/wiki/Paul_Revere	Paul Revere
/wiki/List_of_radio_stations_in_New_Hampshire	List of radio stations in New Hampshire
/wiki/New_Hampshire_State_Tartan	New Hampshire State Tartan
/wiki/Reading,_Pennsylvania	Reading
/wiki/Affirmative_action_in_the_United_States	Affirmative action
/wiki/Southern_Colonies	Southern Colonies
/wiki/Dartmouth_Big_Green	Dartmouth Big Green
/wiki/Sanders_Associates	Sanders Associates
/wiki/Blackbeard	Blackbeard
/wiki/Whelen_Modified_Tour	Whelen Modified Tour
/wiki/Bill_Clinton	Bill Clinton
/wiki/Acela_Express	Acela Express
/wiki/Bretton_Woods_system	Bretton Woods Agreement
/wiki/Income_inequality_in_the_United_States	Income inequality
/wiki/Board_of_selectmen	board of selectmen
/wiki/Americans	American
/wiki/Baker_Memorial_Library	Baker Library
/wiki/Southwestern_United_States	Southwestern
/wiki/Bureau_of_Economic_Analysis	Bureau of Economic Analysis
/wiki/New_Hampshire_primary	presidential primary
/wiki/New_Hampshire_Route_101	New Hampshire Route 101
/wiki/Chinook_(dog)	Chinook
/wiki/Space_Race	Space Race
/wiki/List_of_counties_in_New_Hampshire	List of counties in New Hampshire
/wiki/Free_State_Project	Free State Project
/wiki/White_Mountains_Community_College	White Mountains Community College
/wiki/Germans	German
/wiki/New_Hampshire%27s_2nd_congressional_district	Congressional District 2
/wiki/New_Hampshire%27s_1st_congressional_district	Congressional District 1
/wiki/Concord_Coach_Lines	Concord Coach
/wiki/Pacific_States	Pacific
/wiki/U.S._Route_4	U.S. Route 4
/wiki/Rio_Grande	Rio Grande
/wiki/New_Ipswich,_New_Hampshire	New Ipswich
/wiki/University_System_of_New_Hampshire	University System of New Hampshire
/wiki/Nevada	Nevada
/wiki/New_Hampshire_Department_of_Transportation	New Hampshire Department of Transportation
/wiki/Carol_Shea-Porter	Carol Shea-Porter
/wiki/Same-sex_marriage_in_New_Hampshire	same-sex marriage
/wiki/French-Canadian	French-Canadian
/wiki/New_Hampshire_locations_by_per_capita_income	New Hampshire locations by per capita income
/wiki/Chuck_Morse	Chuck Morse
/wiki/Dean_Kamen	Dean Kamen
/wiki/Palau	Palau
/wiki/Northern_United_States	Northern
/wiki/Nashua_Community_College	Nashua Community College
/wiki/Annapolis,_Maryland	Annapolis
/wiki/Downeaster	Downeaster
/wiki/Social_class_in_the_United_States	Social class
/wiki/Mary_Baker_Eddy	Mary Baker Eddy
/wiki/Martin%27s_Location,_New_Hampshire	Martin's Location
/wiki/Mississippi	Mississippi
/wiki/Father_Rale%27s_War	Father Rale's War
/wiki/Dutch_people	Dutch
/wiki/East_Coast_of_the_United_States	East Coast
/wiki/New_Hampshire_House_of_Representatives	New Hampshire House of Representatives
/wiki/WBIN-TV	WBIN
/wiki/Chandler%27s_Purchase,_New_Hampshire	Chandler's Purchase
/wiki/Lowell,_Massachusetts	Lowell, Massachusetts
/wiki/Foster%27s_Daily_Democrat	Foster's Daily Democrat
/wiki/Extreme_points_of_the_United_States	Extreme points
/wiki/Civil_liberties_in_the_United_States	Civil liberties
/wiki/50_State_Quarters	State Quarter
/wiki/The_Boston_Globe	The Boston Globe
/wiki/Vermont_Translines	Vermont Translines
/wiki/Hartford,_Connecticut	Hartford
/wiki/New_England_Colonies	New England Colonies
/wiki/Capital_punishment_in_the_United_States	Capital punishment
/wiki/John_Irving	John Irving
/wiki/OpenStreetMap	OpenStreetMap
/wiki/National_Reconnaissance_Office	National Reconnaissance Office
/wiki/United_States_courts_of_appeals	Courts of appeals
/wiki/Laconia_Motorcycle_Week	Motorcycle Week
/wiki/Bonsai	bonsai
/wiki/Household_income_in_the_United_States	Household income
/wiki/Hippo_Press	Hippo Press
/wiki/New_England_Dragway	New England Dragway
/wiki/Chesapeake,_Virginia	Chesapeake
/wiki/Black_American_Sign_Language	Black American Sign Language
/wiki/Central_Intelligence_Agency	Central Intelligence Agency
/wiki/Alaska	Alaska
/wiki/United_States_district_court	District courts
/wiki/Nebraska	Nebraska
/wiki/Federal_Reporter	Federal Reporter
/wiki/North_American_Vertical_Datum_of_1988	North American Vertical Datum of 1988
/wiki/Maryland	Maryland
/wiki/Yale_University	Yale
/wiki/Colony_of_Virginia	Colony of Virginia
/wiki/Algonquian_peoples	Algonquian
/wiki/Health_care_in_the_United_States	Health care
/wiki/Province_of_New_Jersey	Province of New Jersey
/wiki/Pinkerton_Academy	Pinkerton Academy
/wiki/American_exceptionalism	Exceptionalism
/wiki/Reconstruction_Era	Reconstruction Era
/wiki/Political_divisions_of_the_United_States	Political divisions
/wiki/West_Coast_of_the_United_States	West Coast
/wiki/Pre-Columbian_era	Pre-Columbian era
/wiki/Energy_Information_Administration	Energy Information Administration
/wiki/Logan_International_Airport	Logan
/wiki/Tennessee	Tennessee
/wiki/Fort_William_and_Mary	Fort William and Mary
/wiki/List_of_airports_in_New_Hampshire	List of airports in New Hampshire
/wiki/Umbagog_Lake	Umbagog Lake
/wiki/New_Hampshire_Superior_Court	Superior Court
/wiki/United_States_Census_Bureau	United States Census Bureau
/wiki/Illinois	Illinois
/wiki/Minnesota	Minnesota
/wiki/NOAA	NOAA
/wiki/Atkinson_and_Gilmanton_Academy_Grant,_New_Hampshire	Atkinson and Gilmanton Academy Grant
/wiki/List_of_New_Hampshire_railroads	List of New Hampshire railroads
/wiki/Lakes_Region_Community_College	Lakes Region Community College
/wiki/Pan_Am_Railways	Pan Am Railways
/wiki/Iraq_War	Iraq War
/wiki/White_American	White
/wiki/Lieutenant_governor_(United_States)#New_Hampshire	lieutenant governor
/wiki/Texas	Texas
/wiki/The_Sun_(Lowell)	The Sun
/wiki/Separation_of_church_and_state_in_the_United_States	Separation of church and state
/wiki/African-American_Civil_Rights_Movement_(1954%E2%80%9368)	African-American Civil Rights Movement (1954–68)
/wiki/History_of_New_Hampshire	History of New Hampshire
/wiki/Harrisburg,_Pennsylvania	Harrisburg
/wiki/United_States_Constitution	United States Constitution
/wiki/Indigenous_languages_of_the_Americas	Indigenous languages
/wiki/American_Samoa	American Samoa
/wiki/Southeastern_United_States	Southeastern
/wiki/Piscataqua_River	Piscataqua River
/wiki/International_rankings_of_the_United_States	International rankings
/wiki/Health_care_reform_in_the_United_States	Health care reform
/wiki/Johnston_Atoll	Johnston Atoll
/wiki/Milford_Cabinet	Milford Cabinet
/wiki/West_Virginia	West Virginia
/wiki/Green%27s_Grant,_New_Hampshire	Green's Grant
/wiki/Society_for_the_Protection_of_New_Hampshire_Forests	Society for the Protection of New Hampshire Forests
/wiki/Thornton_Wilder	Thornton Wilder
/wiki/Norfolk,_Virginia	Norfolk
/wiki/Wood_fuel	wood fuel
/wiki/National_Security_Agency	National Security Agency
/wiki/New_Durham,_New_Hampshire	New Durham
/wiki/Weirs_Beach,_New_Hampshire	Weirs Beach
/wiki/American_English	American English
/wiki/American_Revolution	American Revolution
/wiki/Montpelier,_Vermont	Montpelier
/wiki/Native_Hawaiian	Native Hawaiian
/wiki/New_Jersey	New Jersey
/wiki/List_of_lakes_in_New_Hampshire	New Hampshire's lakes
/wiki/Hadley%27s_Purchase,_New_Hampshire	Hadley's Purchase
/wiki/Hydroelectricity	hydroelectricity
/wiki/Scottish_people	Scottish
/wiki/Mount_Washington_Hotel	Mount Washington Hotel
/wiki/Low_and_Burbank%27s_Grant,_New_Hampshire	Low and Burbank's Grant
/wiki/Grover%27s_Corners	Grover's Corners
/wiki/Wall_Street	Wall Street
/wiki/Northeastern_United_States	Northeastern
/wiki/Northern_Mariana_Islands	Northern Mariana Islands
/wiki/2010_United_States_Census	2010 United States Census
/wiki/Concord_Monitor	Concord Monitor
/wiki/List_of_mountains_in_New_Hampshire	List of mountains in New Hampshire
/wiki/Fuel_oil	fuel oil
/wiki/U.S._Route_1	U.S. Route 1
/wiki/Howland_Island	Howland Island
/wiki/List_of_rivers_in_New_Hampshire	List of rivers in New Hampshire
/wiki/American_imperialism	Imperialism
/wiki/Dixville_Notch,_New_Hampshire	Dixville Notch
/wiki/Dan_Brown	Dan Brown
/wiki/New_Bedford,_Massachusetts	New Bedford
/wiki/WMUR	WMUR
/wiki/Progressive_Era	Progressive Era
/wiki/Water_supply_and_sanitation_in_the_United_States	Water supply and sanitation
/wiki/Independent_Women%27s_Football_League	Independent Women's Football League
/wiki/New_Hampshire_General_Court	General Court
/wiki/New_Hampshire_Route_16	Route 16
/wiki/Upper_house	Upper house
/wiki/Ladybug	Ladybug
/wiki/Granite_State_(Breaking_Bad)	Granite State
/wiki/T._F._Green_Airport	T. F. Green
/wiki/The_World_According_to_Garp	The World According to Garp
/wiki/United_States	United States
/wiki/Educational_attainment_in_the_United_States	Educational attainment
/wiki/American_Revolutionary_War	War
/wiki/American_middle_class	Middle class
/wiki/Gilded_Age	Gilded Age
/wiki/A_Separate_Peace	A Separate Peace
/wiki/American_Indian_Wars	Indian Wars
/wiki/Smoky_quartz	Smoky quartz
/wiki/Peterborough,_New_Hampshire	Peterborough, New Hampshire
/wiki/Georgia_(U.S._state)	Georgia
/wiki/Midway_Atoll	Midway Atoll
/wiki/Boston	Boston
/wiki/Tributary	tributaries
/wiki/Iowa_caucus	Iowa caucus
/wiki/Center_Harbor,_New_Hampshire	Center Harbor
/wiki/Salmon_Falls_River	Salmon Falls River
/wiki/Lake_Winnipesaukee	Lake Winnipesaukee
/wiki/Erie,_Pennsylvania	Erie
/wiki/Financial_position_of_the_United_States	Financial position
/wiki/Gun_politics_in_the_United_States	Gun politics
/wiki/Capital_city	State capitals
/wiki/New_Hampshire_primary	New Hampshire primary
/wiki/Oklahoma	Oklahoma
/wiki/Gross_state_product	total state product
/wiki/Public_policy_of_the_United_States	Public policy
/wiki/U.S._presidential_primary	primary
/wiki/Delaware_Colony	Delaware Colony
/wiki/Connecticut_Colony	Connecticut Colony
/wiki/Frank_Guinta	Frank Guinta
/wiki/White_Mountains_Region	White Mountains
/wiki/The_Devil_and_Daniel_Webster	The Devil and Daniel Webster
/wiki/Piscataqua_River_border_dispute	border dispute
/wiki/Mountain_pass	passes
/wiki/New_Hampshire_Historical_Society	New Hampshire Historical Society
/wiki/United_States_Congress	Congress
/wiki/Eastern_United_States	Eastern
/wiki/Manchester-Boston_Regional_Airport	Manchester-Boston Regional Airport
/wiki/New_England	New England
/wiki/Portsmouth_High_School_(New_Hampshire)	Portsmouth High School
/wiki/United_States_presidential_election,_2000	2000 election
/wiki/New_Hampshire_Liberty_Forum	New Hampshire Liberty Forum
/wiki/Federal_Hockey_League	Federal Hockey League
/wiki/The_Portsmouth_Herald	The Portsmouth Herald
/wiki/Marshall_Islands	Marshall Islands
/wiki/War_on_Terror	War on Terror
/wiki/Electoral_College_(United_States)	Electoral College
/wiki/A_Gathering_of_Days	A Gathering of Days
/wiki/Interstate_highways	Interstate highways
/wiki/Chesapeake_Colonies	Chesapeake Colonies
/wiki/Extratropical	extratropical
/wiki/New_Hampshire_Northcoast_Corporation	New Hampshire Northcoast Corporation
/wiki/Plaistow,_New_Hampshire	Plaistow, New Hampshire
/wiki/Seabrook_Station_Nuclear_Power_Plant	Seabrook Station Nuclear Power Plant
/wiki/Lakes_Region_(New_Hampshire)	Lakes Region
/wiki/White_American	White American
/wiki/Insular_area	Insular areas
/wiki/University_of_New_Hampshire_School_of_Law	University of New Hampshire School of Law
/wiki/Immigrants	immigrants
/wiki/Wind_power	wind power
/wiki/American_nationalism	Nationalism
/wiki/OCLC	OCLC
/wiki/Fall_River,_Massachusetts	Fall River
/wiki/Bean%27s_Grant,_New_Hampshire	Bean's Grant
/wiki/Worcester,_Massachusetts	Worcester
/wiki/Non-Hispanic_White	Non-Hispanic White
/wiki/Appalachian_Trail	Appalachian Trail
/wiki/Area_News_Group	Area News Group
/wiki/Republican_Party_(United_States)	Republican Party
/wiki/White_Hispanic	White Hispanic
/wiki/Wabanaki_Confederacy	Wabanaki Confederacy
/wiki/Beryl	Beryl
/wiki/Hartford,_Vermont	Hartford, VT
/wiki/Palmyra_Atoll	Palmyra Atoll
/wiki/List_of_New_Hampshire_state_symbols	New Hampshire state symbols
/wiki/Ice_fishing	ice fishing
/wiki/New_England_College	New England College
/wiki/American_philosophy	Philosophy
/wiki/Plymouth_State_University	Plymouth State University
/wiki/Newburyport,_Massachusetts	Newburyport, Massachusetts
/wiki/East_Kingston,_New_Hampshire	East Kingston
/wiki/Family_structure_in_the_United_States	Family structure
/wiki/Virginia	Virginia
/wiki/Nicholas_Gilman	Nicholas Gilman
/wiki/Middle_Colonies	Middle Colonies
/wiki/Thompson_and_Meserve%27s_Purchase,_New_Hampshire	Thompson and Meserve's Purchase
/wiki/Alcoholic_beverage_control_state	alcoholic beverage control state
/wiki/Northeastern_coastal_forests	Northeastern coastal forests
/wiki/Ralph_Baer	Ralph Baer
/wiki/New_Hampshire_Free_Press	New Hampshire Free Press
/wiki/Squam_Lake	Squam Lake
/wiki/Monadnock_Region	Monadnock
/wiki/Nor%27easter	nor'easter
/wiki/Lynn,_Massachusetts	Lynn
/wiki/Manchester_Express	Manchester Express
/wiki/Jersey_City,_New_Jersey	Jersey City
/wiki/Presidential_Range	Presidential Range
/wiki/Coos_County,_New_Hampshire	Coos County
/wiki/Craft	crafts
/wiki/Hawaii	Hawaii
/wiki/National_Geospatial-Intelligence_Agency	National Geospatial-Intelligence Agency
/wiki/The_Sopranos	The Sopranos
/wiki/Bangor,_Maine	Bangor
/wiki/Political_party_strength_in_New_Hampshire	Political party strength in New Hampshire
/wiki/Allentown,_Pennsylvania	Allentown
/wiki/Alabama	Alabama
/wiki/Haverhill,_Massachusetts	Haverhill, Massachusetts
/wiki/MBTA_Commuter_Rail	MBTA Commuter Rail
/wiki/New_Hampshire_Business_Review	New Hampshire Business Review
/wiki/Portuguese_people	Portuguese
/wiki/National_Arbor_Day_Foundation	National Arbor Day Foundation
/wiki/Northern_New_England_Corridor	High-speed Northern New England
/wiki/Hampton_Falls,_New_Hampshire	Hampton Falls
/wiki/White_potato	White Potato
/wiki/Democratic_Party_(United_States)	Democratic Party
/wiki/New_Hampshire_Supreme_Court	New Hampshire Supreme Court
/wiki/Dartmouth_College	Dartmouth College
/wiki/Mount_Madison	Mount Madison
/wiki/The_Exeter_News-Letter	The Exeter News-Letter
/wiki/Manchester_Central_High_School	Manchester Central High School
/wiki/American_frontier	American frontier
/wiki/Same-sex_marriage_in_the_United_States	Same-sex marriage
/wiki/Roaring_Twenties	Roaring Twenties
/wiki/New_London,_Connecticut	New London
/wiki/Sargent%27s_Purchase,_New_Hampshire	Sargent's Purchase
/wiki/List_of_U.S._states_by_date_of_statehood	List of U.S. states by date of statehood
/wiki/Scott_Brown	Scott Brown
/wiki/Big_Black_River_(Saint_John_River)	Big Black River
/wiki/Animal_House	Animal House
/wiki/American_Canadian_Tour	American Canadian Tour
/wiki/Camping_World_Truck_Series	Camping World Truck Series
/wiki/Bridgeport,_Connecticut	Bridgeport
/wiki/South_Hampton,_New_Hampshire	South Hampton
/wiki/Wayback_Machine	Wayback Machine
/wiki/Spanish%E2%80%93American_War	Spanish–American War
/wiki/WENH	WENH
/wiki/Conway_Daily_Sun	Conway Daily Sun
/wiki/Kansas	Kansas
/wiki/PorcFest	PorcFest
/wiki/French_people	French
/wiki/Harvard_University	Harvard
/wiki/Conway_Scenic_Railroad	Conway Scenic Railroad
/wiki/Mexican%E2%80%93American_War	Mexican–American War
/wiki/Province_of_New_Hampshire	Province of New Hampshire
/wiki/United_States_Armed_Forces	Armed Forces
/wiki/Keene_State_College	Keene State College
/wiki/New_England_Central_Railroad	New England Central Railroad
/wiki/Champ_Car	Champ Car
/wiki/Li%27l_Abner	Li'l Abner
/wiki/Politics_of_New_Hampshire	Politics of New Hampshire
/wiki/New_Hampshire_Revised_Statutes_Annotated	New Hampshire Revised Statutes Annotated
/wiki/List_of_Indian_reservations_in_the_United_States	List of Indian reservations
/wiki/List_of_people_from_New_Hampshire	List of people from New Hampshire
/wiki/Province_of_North_Carolina	Province of North Carolina
/wiki/Karner_Blue	Karner Blue
/wiki/Italian_people	Italian
/wiki/Atlantic_Ocean	Atlantic Ocean
/wiki/Associated_state	Associated states
/wiki/Manchester_Freedom	Manchester Freedom
/wiki/Washington_(state)	Washington
/wiki/Striped_bass	Striped bass
/wiki/LGBT_rights_in_the_United_States	LGBT rights
/wiki/Appalachian_Mountains	Appalachian
/wiki/Income_tax	taxed
/wiki/Association_of_Religion_Data_Archives	Association of Religion Data Archives
/wiki/In_Dreams_(film)	In Dreams
/wiki/Mount_Washington_Cog_Railway	Mount Washington Cog Railway
/wiki/State_income_tax	state income tax
/wiki/South_Dakota	South Dakota
/wiki/New_Hampshire_Union_Leader	New Hampshire Union Leader
/wiki/Red_states_and_blue_states	Red states and blue states
/wiki/Wentworth%27s_Location,_New_Hampshire	Wentworth's Location
/wiki/Florida	Florida
/wiki/New_Hampshire_Senate	New Hampshire Senate
/wiki/Primary_election	primary election
/wiki/Iowa	Iowa
/wiki/Wentworth-by-the-Sea_Hotel	Wentworth-by-the-Sea Hotel
/wiki/New_Hampshire_Senate	State Senate
/wiki/New_Hampshire_Institute_of_Art	New Hampshire Institute of Art
/wiki/Oregon	Oregon
/wiki/Dartmouth-Lake_Sunapee_Region	Dartmouth-Lake Sunapee
/wiki/U.S._state	state
/wiki/Laconia_Daily_Sun	Laconia Daily Sun
/wiki/Daniel_Webster_College	Daniel Webster College
/wiki/St._Lawrence_and_Atlantic_Railroad	St. Lawrence and Atlantic Railroad
/wiki/Lower_house	Lower house
/wiki/The_West_Wing	The West Wing
/wiki/Northeastern_United_States_blizzard_of_1978	Blizzard of '78
/wiki/Hart%27s_Location,_New_Hampshire	Hart's Location
/wiki/Foreign_relations_of_the_United_States	Foreign relations
/wiki/Province_of_Georgia	Province of Georgia
/wiki/U.S._Census_Bureau	U.S. Census Bureau
/wiki/Central_United_States	Central
/wiki/Ann_Kuster	Ann Kuster
/wiki/Contoocook_River	Contoocook River
/wiki/ECHL	ECHL
/wiki/NASCAR	NASCAR
/wiki/List_of_U.S._state_mottos	state motto
/wiki/The_Hotel_New_Hampshire	The Hotel New Hampshire
/wiki/Portsmouth_Harbor	Portsmouth Harbor
/wiki/The_Eagle_Tribune	Eagle Tribune
/wiki/Personal_income_in_the_United_States	Personal income
/wiki/Portsmouth,_Virginia	Portsmouth
/wiki/Newport_News,_Virginia	Newport News
/wiki/Humid_continental_climate	humid continental climate
/wiki/Washington,_D.C.	Washington, D.C.
/wiki/Unincorporated_area	unincorporated areas
/wiki/North_Carolina	North Carolina
/wiki/United_Methodist_Church	United Methodist Church
/wiki/Quebec	Quebec
/wiki/Community_College_System_of_New_Hampshire	Community College System of New Hampshire
/wiki/Ivy_League	Ivy League
/wiki/United_States_Navy	Navy
/wiki/Rhode_Island	Rhode Island
/wiki/New_Hampshire_Motor_Speedway	New Hampshire Motor Speedway
/wiki/New_Hampshire_(disambiguation)	New Hampshire (disambiguation)
/wiki/United_States_Virgin_Islands	U.S. Virgin Islands
/wiki/Second-wave_feminism	Feminist Movement
/wiki/Colorado	Colorado
/wiki/Interstate_93	Interstate 93
/wiki/New_Boston,_New_Hampshire	New Boston
/wiki/Interstate_95	Interstate 95
/wiki/New_Mexico	New Mexico
/wiki/Ireland	Ireland
/wiki/Director_of_National_Intelligence	Office of the Director of National Intelligence
/wiki/Cold_War	Cold War
/wiki/Horace_Greeley	Horace Greeley
/wiki/NOAA_Commissioned_Officer_Corps	NOAA Corps
/wiki/United_States_Air_Force	Air Force
/wiki/Federalist_Era	Federalist Era
/wiki/Ann_McLane_Kuster	Ann McLane Kuster
/wiki/Traffic_light	traffic light
/wiki/Southern_United_States	Southern
/wiki/Geology_of_New_Hampshire	Geology of New Hampshire
/wiki/United_States_Marine_Corps	Marine Corps
/wiki/California	California
/wiki/Sugar_house	sap houses
/wiki/Mount_Washington_(New_Hampshire)	Mount Washington
/wiki/USL_Premier_Development_League	USL Premier Development League
/wiki/Our_Town	Our Town
/wiki/Hardiness_zone	hardiness zone
/wiki/Vermonter	Vermonter
/wiki/Pennsylvania	Pennsylvania
/wiki/Blizzard_of_1993	Blizzard of 1993
/wiki/White-tailed_deer	White-tailed deer
/wiki/Conifer	conifers
/wiki/Highland_Games	New Hampshire Highland Games
/wiki/Philadelphia	Philadelphia
/wiki/Dartmouth%E2%80%93Lake_Sunapee_Region	Dartmouth–Lake Sunapee
/wiki/Purple_America	Purple America
/wiki/Eastern_League_(baseball)	Eastern League (class AA baseball)
/wiki/Plains_Indian_Sign_Language	Plains Sign Talk
/wiki/Professional	Professional
/wiki/Hardiness_zone	hardiness zones
/wiki/Merrimack_County,_New_Hampshire	Merrimack County
/wiki/Lyndon_B._Johnson	Lyndon B. Johnson
/wiki/Criminal_law	criminal
/wiki/The_Telegraph_(Nashua)	The Telegraph
/wiki/Michigan	Michigan
/wiki/Daniel_Webster	Daniel Webster
/wiki/The_New_Hampshire	The New Hampshire
/wiki/Foreign_policy_of_the_United_States	Foreign policy
/wiki/Manchester_and_Lawrence_Railroad	Manchester and Lawrence branch line
/wiki/Skiing	Skiing
/wiki/Northeast_Corridor	Northeast Corridor
/wiki/Roman_Catholic_Church	Roman Catholic Church
/wiki/United_States_federal_executive_departments	Executive departments
/wiki/Granite	Granite
/wiki/Anti-Americanism	Anti-Americanism
/wiki/Code_of_Federal_Regulations	Code of Federal Regulations
/wiki/Bloomfield,_Vermont	Bloomfield, Vermont
/wiki/American_Soccer_Pyramid	American Soccer Pyramid
/wiki/Wyoming	Wyoming
/wiki/Lowell,_Massachusetts	Lowell
/wiki/List_of_cities_in_New_Hampshire	List of cities in New Hampshire
/wiki/Hobo-Winnipesaukee_Railroad	Hobo-Winnipesaukee Railroad
/wiki/What_About_Bob%3F	What About Bob?
/wiki/Manchester_Monarchs_(ECHL)	Manchester Monarchs
/wiki/Technological_and_industrial_history_of_the_United_States	Technological and industrial
/wiki/2000_United_States_Census	2000 United States Census
/wiki/Springfield,_Massachusetts	Springfield
/wiki/North_Dakota	North Dakota
/wiki/Vermont	Vermont
/wiki/New_Hampshire_Public_Television	New Hampshire Public Television
/wiki/Lists_of_United_States_state_symbols	Lists of United States state symbols
/wiki/Krumholtz	krumholtz
/wiki/State_governments_of_the_United_States	State governments
/wiki/Mount_Washington_Auto_Road	Mount Washington Auto Road
/wiki/51st_state	51st state
/wiki/Separation_of_powers_under_the_United_States_Constitution	Separation of powers
/wiki/The_New_Hampshire_Gazette	The New Hampshire Gazette
/wiki/State_nickname	nickname
/wiki/Great_Plains	Great Plains
/wiki/Hampton,_Virginia	Hampton
/wiki/Flag_of_New_Hampshire	Flag of New Hampshire
/wiki/New_Hampshire_Senate	Senate
/wiki/Southern_New_Hampshire_University	Southern New Hampshire University
/wiki/Mount_Washington_College	Mount Washington College
/wiki/Manchester_Community_College_(New_Hampshire)	Manchester Community College
/wiki/Space_Shuttle_Challenger	Challenger
/wiki/Hopkinton_State_Fair	Hopkinton State Fair
/wiki/Federal_Reserve_System	Federal Reserve System
/wiki/Labor_unions_in_the_United_States	Labor unions
/wiki/New_Hampshire_Highway_System	New Hampshire Highway System
/wiki/Dogpatch	Dogpatch
/wiki/Portland,_Maine	Portland
/wiki/Chris_Miller_(writer)	Chris Miller
/wiki/Christian_Science	Christian Science
/wiki/Crawford%27s_Purchase,_New_Hampshire	Crawford's Purchase
/wiki/Kelly_Ayotte	Kelly Ayotte
/wiki/New_Hampshire_Route_16	New Hampshire Route 16
/wiki/River_Valley_Community_College	River Valley Community College
/wiki/Rivier_University	Rivier University
/wiki/Province_of_Maryland	Province of Maryland
/wiki/In_Your_Eyes_(2014_film)	In Your Eyes
/wiki/Gulf_of_Maine	Gulf of Maine
/wiki/Seal_of_New_Hampshire	Seal of New Hampshire
/wiki/White_Mountain_National_Forest	White Mountain National Forest
/wiki/Mountain_biking	mountain bike
/wiki/Pumpkin	Pumpkin
/wiki/Biome	biome
/wiki/Phillips_Exeter_Academy	Phillips Exeter Academy
/wiki/Waterbury,_Connecticut	Waterbury
/wiki/United_States_Reports	United States Reports
/wiki/Uncle_Sam	Uncle Sam
/wiki/Connecticut	Connecticut
/wiki/Mount_Adams_(New_Hampshire)	Mount Adams
/wiki/Northeast_Catholic_College	Northeast Catholic College
/wiki/Great_Bay_Community_College	Great Bay Community College
/wiki/Odiorne_Point_State_Park	Odiorne's Point
/wiki/Brook_trout	Brook trout
/wiki/Peyton_Place_(novel)	Peyton Place
/wiki/South_Carolina	South Carolina
/wiki/Barack_Obama	Barack Obama
/wiki/Missouri	Missouri
/wiki/John_Kerry	John Kerry
/wiki/Live_Free_or_Die	Live Free or Die
/wiki/Pennacook	Pennacook
/wiki/Keene_Sentinel	Keene Sentinel
/wiki/Laconia_Citizen	Laconia Citizen
/wiki/Connecticut_Lakes	Connecticut Lakes
/wiki/Guam	Guam
/wiki/Greyhound_Lines	Greyhound
/wiki/Midwestern_United_States	Midwestern
/wiki/Northern_hardwood_forest	northern hardwoods
/wiki/Bradley_International_Airport	Bradley
/wiki/List_of_colleges_and_universities_in_New_Hampshire	List of colleges and universities in New Hampshire
/wiki/University_of_New_Hampshire_at_Manchester	University of New Hampshire at Manchester
/wiki/NCAA_Division_I	NCAA Division I
/wiki/The_Dartmouth	The Dartmouth
/wiki/Poles	Polish
/wiki/List_of_high_schools_in_New_Hampshire	List of high schools in New Hampshire
/wiki/Sugar_Hill,_New_Hampshire	Sugar Hill
/wiki/Swedes	Swedish
/wiki/Legislature	Legislature
/wiki/Federal_preemption	Preemption
/wiki/List_of_newspapers_in_New_Hampshire	List of newspapers in New Hampshire
/wiki/Stephen_Vincent_Ben%C3%A9t	Stephen Vincent Benét
/wiki/Federal_district	Federal district
/wiki/Continental_Congress	Continental Congress
/wiki/White_Mountains_(New_Hampshire)	White Mountains range
/wiki/Environmental_movement_in_the_United_States	Environmental movement
/wiki/John_Lynch_(New_Hampshire)	John Lynch
/wiki/Winnipesaukee_River	Winnipesaukee River
/wiki/List_of_people_from_New_Hampshire	prominent individuals from New Hampshire
/wiki/Eagle_Times	Eagle Times
/wiki/Massachusetts	Massachusetts
/wiki/Lebanon_College	Lebanon College
/wiki/Colony_of_Rhode_Island_and_Providence_Plantations	Colony of Rhode Island and Providence Plantations
/wiki/Christa_McAuliffe	Christa McAuliffe
/wiki/Protestantism	Protestant
/wiki/Old_Man_of_the_Mountain	Old Man of the Mountain
/wiki/USDA	USDA
/wiki/Shore_Line_East	Shore Line East
/wiki/Professional_and_working_class_conflict_in_the_United_States	Professional and working class conflict
/wiki/Swing_state	swing state
/wiki/Tartan	tartan
/wiki/Timeline_of_modern_American_conservatism	Timeline of modern American conservatism
/wiki/Americana	Americana
/wiki/Northeast-10_Conference	Northeast-10 Conference
/wiki/Connecticut_River	Connecticut River
/wiki/Admission_to_the_Union	Admission to Union
/wiki/Irish_American	Irish American
/wiki/United_States_territorial_acquisitions	Territorial acquisitions
/wiki/Pierre_Hevey	Pierre Hevey
/wiki/Breaking_Bad	Breaking Bad
/wiki/Walter_White_(Breaking_Bad)	Walter White
/wiki/Erving%27s_Location,_New_Hampshire	Erving's Location
/wiki/Eastern_newt	Red-spotted newt
/wiki/Federal_judiciary_of_the_United_States	Federal judiciary
/wiki/National_Guard_of_the_United_States	National Guard
/wiki/Scotland	Scotland
/wiki/BioScience	BioScience
/wiki/United_States_Supreme_Court	U.S. Supreme Court
/wiki/Kingdom_of_Great_Britain	Great Britain
/wiki/Arkansas	Arkansas
/wiki/American_Revolutionary_War	Revolutionary War
/wiki/Standard_of_living_in_the_United_States	Standard of living
/wiki/Credit_union	credit union
/wiki/Federal_Bureau_of_Investigation	Federal Bureau of Investigation
/wiki/United_States_federal_civil_service	Civil service
/wiki/Public_holidays_in_the_United_States	Public holidays
/wiki/United_States_Army	Army
/wiki/Paul_Hodes	Paul Hodes
/wiki/Robert_Frost	Robert Frost
/wiki/New_Hampshire_Code_of_Administrative_Rules	New Hampshire Code of Administrative Rules
/wiki/Mount_Monadnock	Mount Monadnock
/wiki/American_Civil_War	Civil War
/wiki/Baltimore	Baltimore
/wiki/Puerto_Rico	Puerto Rico
/wiki/Monadnock	monadnock
/wiki/Seavey%27s_Island	Seavey's Island
/wiki/Ice_Hockey	ice hockey
/wiki/New_Hampshire_State_Constitution	New Hampshire State Constitution
/wiki/Rocky_Mountains	Rocky
/wiki/United_States_Minor_Outlying_Islands	Outlying islands
/wiki/America_East_Conference	America East Conference
/wiki/North_Hampton,_New_Hampshire	North Hampton
/wiki/New_Haven,_Connecticut	New Haven
/wiki/New_Hampton,_New_Hampshire	New Hampton
/wiki/List_of_cities_and_towns_in_New_Hampshire	234 cities and towns
/wiki/African_American	African American
/wiki/Interstate_89	Interstate 89
/wiki/Stamford,_Connecticut	Stamford
/wiki/Navassa_Island	Navassa Island
/wiki/Irish_people	Irish
/wiki/War_of_1812	War of 1812
/wiki/Macmillan_Company	Macmillan Company
/wiki/Woodrow_Wilson	Woodrow Wilson
/wiki/Province_of_Massachusetts_Bay	Province of Massachusetts Bay
/wiki/On_Golden_Pond_(1981_film)	On Golden Pond
/wiki/Alberta_Clipper	Alberta Clipper
/wiki/George_W._Bush	George W. Bush
/wiki/Territorial_evolution_of_the_United_States	Territorial evolution
/wiki/Colonial_American_military_history	Military history
/wiki/Maggie_Hassan	Maggie Hassan
/wiki/United_States_Public_Health_Service_Commissioned_Corps	Public Health Service Corps
/wiki/Franklin_Pierce_University	Franklin Pierce University
/wiki/Lawrence,_Massachusetts	Lawrence, Massachusetts
/wiki/Granite_State_College	Granite State College
/wiki/Property_tax	property tax
/wiki/Berlin_River_Drivers	Berlin River Drivers
/wiki/Quarries	quarries
/wiki/Monadnock_Region	Monadnock Region
/wiki/Purple_finch	Purple finch
/wiki/Vice_President_of_the_United_States	Vice President
/wiki/New_Hampshire_Rail_Transit_Authority	New Hampshire Rail Transit Authority
/wiki/Hampshire	Hampshire
/wiki/American_Dream	American Dream
/wiki/Executive_Council_of_New_Hampshire	Executive Council
/wiki/Thirteen_Colonies	Thirteen Colonies
/wiki/Ossipee_Mountains	Ossipee Mountains
/wiki/Hellenic_American_University	Hellenic American University
/wiki/New_Hampshire_Wildcats	New Hampshire Wildcats
/wiki/Human_rights_in_the_United_States	Human rights
/wiki/Center_of_population	center of population
/wiki/Asian_American	Asian American
/wiki/Carroll_County,_New_Hampshire	Carroll County
/wiki/New_Hampshire_Family_Division	Family Division
/wiki/Mormon	Mormon
/wiki/Star_Speedway	Star Speedway
/wiki/Utah	Utah
/wiki/Health_insurance_in_the_United_States	Health insurance
/wiki/Hale%27s_Location,_New_Hampshire	Hale's Location
/wiki/Merrimack_Valley	Merrimack Valley
/wiki/ISO_3166	ISO 3166
/wiki/Jodi_Picoult	Jodi Picoult
/wiki/New_England_City_and_Town_Area	New England City and Town Areas
/wiki/Kentucky	Kentucky
/wiki/Colby-Sawyer_College	Colby-Sawyer College
/wiki/Ronnie_James_Dio	Ronnie James Dio
/wiki/Wilmington,_Delaware	Wilmington
/wiki/New_England-Acadian_forests	New England-Acadian forests
/wiki/Great_North_Woods_Region_(New_Hampshire)	Great North Woods
/wiki/Social_programs_in_the_United_States	Social welfare programs
/wiki/New_Hampshire_District_Court	District Court
/wiki/Thomas_More_College_of_Liberal_Arts	Thomas More College of Liberal Arts
/wiki/Indian_reservation	Indian reservations
/wiki/Dover,_Delaware	Dover
/wiki/New_Castle,_New_Hampshire	New Castle
/wiki/Adam_Sandler	Adam Sandler
/wiki/Portsmouth_Traffic_Circle	Portsmouth Traffic Circle
/wiki/Great_Depression	Great Depression
/wiki/Median_household_income	Median household income
/wiki/United_States_presidential_election,_2004	2004 election
/wiki/Retirement	retirees
/wiki/New_Hampshire_House_of_Representatives	House of Representatives
/wiki/Northeastern_United_States	the Northeast
/wiki/Isles_of_Shoals	Isles of Shoals
/wiki/Asian_American	Asian
/wiki/Spanish_language	Spanish
/wiki/John_Stark	John Stark
/wiki/Delaware	Delaware
/wiki/Libertarian_Party_(United_States)	Libertarian Party
/wiki/John_Mason_(governor)	Captain John Mason
